store,schema,table,table_description,grain,source_file,row_count,column_order,column_name,column_description,data_type,nullable,primary_key,foreign_key,unit,as_of_basis,source_priority,transformation_rule,quality_rule,implementation_status
PostgreSQL/RDB,raw,bond_kr_master,국내채권 원본 마스터,채권 거래·정보차수 1건/행,data/csv/PRBD01N001_bond_kr_master_20260824.csv,21882,1,after_tax_yield,세후수익률,double precision,Y,N,,%,2026-08-21 (info_base_dt),organizer,원본 CSV 무변경 적재,"PK=(pd_no,pd_exg_mkt,info_seq); pd_no 중복 그룹 포함 행 2,463건",live DB 검증 완료 (2026-08-24)
PostgreSQL/RDB,raw,bond_kr_master,국내채권 원본 마스터,채권 거래·정보차수 1건/행,data/csv/PRBD01N001_bond_kr_master_20260824.csv,21882,2,applied_yield,민평수익률,double precision,Y,N,,%,2026-08-21 (info_base_dt),organizer,원본 CSV 무변경 적재,"PK=(pd_no,pd_exg_mkt,info_seq); pd_no 중복 그룹 포함 행 2,463건",live DB 검증 완료 (2026-08-24)
PostgreSQL/RDB,raw,bond_kr_master,국내채권 원본 마스터,채권 거래·정보차수 1건/행,data/csv/PRBD01N001_bond_kr_master_20260824.csv,21882,3,avg_annual_tax_yield,세후 연평균수익률,double precision,Y,N,,,2026-08-21 (info_base_dt),organizer,원본 CSV 무변경 적재,"PK=(pd_no,pd_exg_mkt,info_seq); pd_no 중복 그룹 포함 행 2,463건",live DB 검증 완료 (2026-08-24)
PostgreSQL/RDB,raw,bond_kr_master,국내채권 원본 마스터,채권 거래·정보차수 1건/행,data/csv/PRBD01N001_bond_kr_master_20260824.csv,21882,4,bdbns_abl_chnl_nm,채권매매가능채널구분명,text,Y,N,,,2026-08-21 (info_base_dt),organizer,원본 CSV 무변경 적재,"PK=(pd_no,pd_exg_mkt,info_seq); pd_no 중복 그룹 포함 행 2,463건",live DB 검증 완료 (2026-08-24)
PostgreSQL/RDB,raw,bond_kr_master,국내채권 원본 마스터,채권 거래·정보차수 1건/행,data/csv/PRBD01N001_bond_kr_master_20260824.csv,21882,5,bdbns_abl_chnl_tcd,채권매매가능채널구분코드,text,Y,N,,,2026-08-21 (info_base_dt),organizer,원본 CSV 무변경 적재,"PK=(pd_no,pd_exg_mkt,info_seq); pd_no 중복 그룹 포함 행 2,463건",live DB 검증 완료 (2026-08-24)
PostgreSQL/RDB,raw,bond_kr_master,국내채권 원본 마스터,채권 거래·정보차수 1건/행,data/csv/PRBD01N001_bond_kr_master_20260824.csv,21882,6,bd_inrt_tcd,금리구분,text,Y,N,,,2026-08-21 (info_base_dt),organizer,원본 CSV 무변경 적재,"PK=(pd_no,pd_exg_mkt,info_seq); pd_no 중복 그룹 포함 행 2,463건",live DB 검증 완료 (2026-08-24)
PostgreSQL/RDB,raw,bond_kr_master,국내채권 원본 마스터,채권 거래·정보차수 1건/행,data/csv/PRBD01N001_bond_kr_master_20260824.csv,21882,7,bd_intp_tcd,이자지급구분,text,Y,N,,,2026-08-21 (info_base_dt),organizer,원본 CSV 무변경 적재,"PK=(pd_no,pd_exg_mkt,info_seq); pd_no 중복 그룹 포함 행 2,463건",live DB 검증 완료 (2026-08-24)
PostgreSQL/RDB,raw,bond_kr_master,국내채권 원본 마스터,채권 거래·정보차수 1건/행,data/csv/PRBD01N001_bond_kr_master_20260824.csv,21882,8,bd_knd,채권 종류,text,Y,N,,,2026-08-21 (info_base_dt),organizer,원본 CSV 무변경 적재,"PK=(pd_no,pd_exg_mkt,info_seq); pd_no 중복 그룹 포함 행 2,463건",live DB 검증 완료 (2026-08-24)
PostgreSQL/RDB,raw,bond_kr_master,국내채권 원본 마스터,채권 거래·정보차수 1건/행,data/csv/PRBD01N001_bond_kr_master_20260824.csv,21882,9,bd_ofr_tcd,모집구분,text,Y,N,,,2026-08-21 (info_base_dt),organizer,원본 CSV 무변경 적재,"PK=(pd_no,pd_exg_mkt,info_seq); pd_no 중복 그룹 포함 행 2,463건",live DB 검증 완료 (2026-08-24)
PostgreSQL/RDB,raw,bond_kr_master,국내채권 원본 마스터,채권 거래·정보차수 1건/행,data/csv/PRBD01N001_bond_kr_master_20260824.csv,21882,10,bd_tisu_a,총발행금액,"numeric(26,8)",Y,N,,,2026-08-21 (info_base_dt),organizer,원본 CSV 무변경 적재,"PK=(pd_no,pd_exg_mkt,info_seq); pd_no 중복 그룹 포함 행 2,463건",live DB 검증 완료 (2026-08-24)
PostgreSQL/RDB,raw,bond_kr_master,국내채권 원본 마스터,채권 거래·정보차수 1건/행,data/csv/PRBD01N001_bond_kr_master_20260824.csv,21882,11,buyable_quantity,매수가능수량(무효),double precision,Y,N,,,2026-08-21 (info_base_dt),organizer,원본 CSV 무변경 적재,"PK=(pd_no,pd_exg_mkt,info_seq); pd_no 중복 그룹 포함 행 2,463건",live DB 검증 완료 (2026-08-24)
PostgreSQL/RDB,raw,bond_kr_master,국내채권 원본 마스터,채권 거래·정보차수 1건/행,data/csv/PRBD01N001_bond_kr_master_20260824.csv,21882,12,buy_yield,매수수익률,double precision,Y,N,,%,2026-08-21 (info_base_dt),organizer,원본 CSV 무변경 적재,"PK=(pd_no,pd_exg_mkt,info_seq); pd_no 중복 그룹 포함 행 2,463건",live DB 검증 완료 (2026-08-24)
PostgreSQL/RDB,raw,bond_kr_master,국내채권 원본 마스터,채권 거래·정보차수 1건/행,data/csv/PRBD01N001_bond_kr_master_20260824.csv,21882,13,corp_after_tax_yield,법인 세후 투자수익률,double precision,Y,N,,,2026-08-21 (info_base_dt),organizer,원본 CSV 무변경 적재,"PK=(pd_no,pd_exg_mkt,info_seq); pd_no 중복 그룹 포함 행 2,463건",live DB 검증 완료 (2026-08-24)
PostgreSQL/RDB,raw,bond_kr_master,국내채권 원본 마스터,채권 거래·정보차수 1건/행,data/csv/PRBD01N001_bond_kr_master_20260824.csv,21882,14,corp_pretax_yield,법인 세전 투자수익률,double precision,Y,N,,,2026-08-21 (info_base_dt),organizer,원본 CSV 무변경 적재,"PK=(pd_no,pd_exg_mkt,info_seq); pd_no 중복 그룹 포함 행 2,463건",live DB 검증 완료 (2026-08-24)
PostgreSQL/RDB,raw,bond_kr_master,국내채권 원본 마스터,채권 거래·정보차수 1건/행,data/csv/PRBD01N001_bond_kr_master_20260824.csv,21882,15,cov,컨벡시티,double precision,Y,N,,,2026-08-21 (info_base_dt),organizer,원본 CSV 무변경 적재,"PK=(pd_no,pd_exg_mkt,info_seq); pd_no 중복 그룹 포함 행 2,463건",live DB 검증 완료 (2026-08-24)
PostgreSQL/RDB,raw,bond_kr_master,국내채권 원본 마스터,채권 거래·정보차수 1건/행,data/csv/PRBD01N001_bond_kr_master_20260824.csv,21882,16,crd_grd,원신용등급,text,Y,N,,,2026-08-21 (info_base_dt),organizer,원본 CSV 무변경 적재,"PK=(pd_no,pd_exg_mkt,info_seq); pd_no 중복 그룹 포함 행 2,463건",live DB 검증 완료 (2026-08-24)
PostgreSQL/RDB,raw,bond_kr_master,국내채권 원본 마스터,채권 거래·정보차수 1건/행,data/csv/PRBD01N001_bond_kr_master_20260824.csv,21882,17,crd_grd_dt,신용등급 적용일자(등급 미변경 시 과거 일자로 유지될 수 있음),text,Y,N,,,2026-08-21 (info_base_dt),organizer,원본 CSV 무변경 적재,"PK=(pd_no,pd_exg_mkt,info_seq); pd_no 중복 그룹 포함 행 2,463건",live DB 검증 완료 (2026-08-24)
PostgreSQL/RDB,raw,bond_kr_master,국내채권 원본 마스터,채권 거래·정보차수 1건/행,data/csv/PRBD01N001_bond_kr_master_20260824.csv,21882,18,curr_cd,통화,text,Y,N,,,2026-08-21 (info_base_dt),organizer,원본 CSV 무변경 적재,"PK=(pd_no,pd_exg_mkt,info_seq); pd_no 중복 그룹 포함 행 2,463건",live DB 검증 완료 (2026-08-24)
PostgreSQL/RDB,raw,bond_kr_master,국내채권 원본 마스터,채권 거래·정보차수 1건/행,data/csv/PRBD01N001_bond_kr_master_20260824.csv,21882,19,depo_equiv_yield_154,예금환산수익률(세율 15.4 기준),double precision,Y,N,,,2026-08-21 (info_base_dt),organizer,원본 CSV 무변경 적재,"PK=(pd_no,pd_exg_mkt,info_seq); pd_no 중복 그룹 포함 행 2,463건",live DB 검증 완료 (2026-08-24)
PostgreSQL/RDB,raw,bond_kr_master,국내채권 원본 마스터,채권 거래·정보차수 1건/행,data/csv/PRBD01N001_bond_kr_master_20260824.csv,21882,20,depo_equiv_yield_495,은행환산수익률(세율 49.5 기준),double precision,Y,N,,,2026-08-21 (info_base_dt),organizer,원본 CSV 무변경 적재,"PK=(pd_no,pd_exg_mkt,info_seq); pd_no 중복 그룹 포함 행 2,463건",live DB 검증 완료 (2026-08-24)
PostgreSQL/RDB,raw,bond_kr_master,국내채권 원본 마스터,채권 거래·정보차수 1건/행,data/csv/PRBD01N001_bond_kr_master_20260824.csv,21882,21,dirty,이자부단가/Dirty Price,double precision,Y,N,,,2026-08-21 (info_base_dt),organizer,원본 CSV 무변경 적재,"PK=(pd_no,pd_exg_mkt,info_seq); pd_no 중복 그룹 포함 행 2,463건",live DB 검증 완료 (2026-08-24)
PostgreSQL/RDB,raw,bond_kr_master,국내채권 원본 마스터,채권 거래·정보차수 1건/행,data/csv/PRBD01N001_bond_kr_master_20260824.csv,21882,22,dur,듀레이션,double precision,Y,N,,,2026-08-21 (info_base_dt),organizer,원본 CSV 무변경 적재,"PK=(pd_no,pd_exg_mkt,info_seq); pd_no 중복 그룹 포함 행 2,463건",live DB 검증 완료 (2026-08-24)
PostgreSQL/RDB,raw,bond_kr_master,국내채권 원본 마스터,채권 거래·정보차수 1건/행,data/csv/PRBD01N001_bond_kr_master_20260824.csv,21882,23,eval_price,평가일단가/Clean Price 성격,double precision,Y,N,,,2026-08-21 (info_base_dt),organizer,원본 CSV 무변경 적재,"PK=(pd_no,pd_exg_mkt,info_seq); pd_no 중복 그룹 포함 행 2,463건",live DB 검증 완료 (2026-08-24)
PostgreSQL/RDB,raw,bond_kr_master,국내채권 원본 마스터,채권 거래·정보차수 1건/행,data/csv/PRBD01N001_bond_kr_master_20260824.csv,21882,24,exg_close_price,장내 채권종가,double precision,Y,N,,,2026-08-21 (info_base_dt),organizer,원본 CSV 무변경 적재,"PK=(pd_no,pd_exg_mkt,info_seq); pd_no 중복 그룹 포함 행 2,463건",live DB 검증 완료 (2026-08-24)
PostgreSQL/RDB,raw,bond_kr_master,국내채권 원본 마스터,채권 거래·정보차수 1건/행,data/csv/PRBD01N001_bond_kr_master_20260824.csv,21882,25,exg_close_price_base_dt,장내 채권종가/종가수익률 기준일,text,Y,N,,,2026-08-21 (info_base_dt),organizer,원본 CSV 무변경 적재,"PK=(pd_no,pd_exg_mkt,info_seq); pd_no 중복 그룹 포함 행 2,463건",live DB 검증 완료 (2026-08-24)
PostgreSQL/RDB,raw,bond_kr_master,국내채권 원본 마스터,채권 거래·정보차수 1건/행,data/csv/PRBD01N001_bond_kr_master_20260824.csv,21882,26,exg_close_yield,장내 종가수익률,double precision,Y,N,,,2026-08-21 (info_base_dt),organizer,원본 CSV 무변경 적재,"PK=(pd_no,pd_exg_mkt,info_seq); pd_no 중복 그룹 포함 행 2,463건",live DB 검증 완료 (2026-08-24)
PostgreSQL/RDB,raw,bond_kr_master,국내채권 원본 마스터,채권 거래·정보차수 1건/행,data/csv/PRBD01N001_bond_kr_master_20260824.csv,21882,27,exrt_grte_ern_r,만기보장수익률,"numeric(20,12)",Y,N,,,2026-08-21 (info_base_dt),organizer,원본 CSV 무변경 적재,"PK=(pd_no,pd_exg_mkt,info_seq); pd_no 중복 그룹 포함 행 2,463건",live DB 검증 완료 (2026-08-24)
PostgreSQL/RDB,raw,bond_kr_master,국내채권 원본 마스터,채권 거래·정보차수 1건/행,data/csv/PRBD01N001_bond_kr_master_20260824.csv,21882,28,exrt_grte_ern_r_tcd,만기보장수익률구분코드,text,Y,N,,,2026-08-21 (info_base_dt),organizer,원본 CSV 무변경 적재,"PK=(pd_no,pd_exg_mkt,info_seq); pd_no 중복 그룹 포함 행 2,463건",live DB 검증 완료 (2026-08-24)
PostgreSQL/RDB,raw,bond_kr_master,국내채권 원본 마스터,채권 거래·정보차수 1건/행,data/csv/PRBD01N001_bond_kr_master_20260824.csv,21882,29,exrt_rpy_r,만기상환율,"numeric(20,12)",Y,N,,,2026-08-21 (info_base_dt),organizer,원본 CSV 무변경 적재,"PK=(pd_no,pd_exg_mkt,info_seq); pd_no 중복 그룹 포함 행 2,463건",live DB 검증 완료 (2026-08-24)
PostgreSQL/RDB,raw,bond_kr_master,국내채권 원본 마스터,채권 거래·정보차수 1건/행,data/csv/PRBD01N001_bond_kr_master_20260824.csv,21882,30,info_base_dt,데이터 기준일,text,Y,N,,,2026-08-21 (info_base_dt),organizer,원본 CSV 무변경 적재,"PK=(pd_no,pd_exg_mkt,info_seq); pd_no 중복 그룹 포함 행 2,463건",live DB 검증 완료 (2026-08-24)
PostgreSQL/RDB,raw,bond_kr_master,국내채권 원본 마스터,채권 거래·정보차수 1건/행,data/csv/PRBD01N001_bond_kr_master_20260824.csv,21882,31,info_seq,동일 종목/시장/기준일 내 판매 LOT 구분 순번,bigint,N,Y,,,2026-08-21 (info_base_dt),organizer,원본 CSV 무변경 적재,"PK=(pd_no,pd_exg_mkt,info_seq); pd_no 중복 그룹 포함 행 2,463건",live DB 검증 완료 (2026-08-24)
PostgreSQL/RDB,raw,bond_kr_master,국내채권 원본 마스터,채권 거래·정보차수 1건/행,data/csv/PRBD01N001_bond_kr_master_20260824.csv,21882,32,isu_bal_amt,발행잔액/발행금액잔액,double precision,Y,N,,,2026-08-21 (info_base_dt),organizer,원본 CSV 무변경 적재,"PK=(pd_no,pd_exg_mkt,info_seq); pd_no 중복 그룹 포함 행 2,463건",live DB 검증 완료 (2026-08-24)
PostgreSQL/RDB,raw,bond_kr_master,국내채권 원본 마스터,채권 거래·정보차수 1건/행,data/csv/PRBD01N001_bond_kr_master_20260824.csv,21882,33,isu_dt,발행일,text,Y,N,,,2026-08-21 (info_base_dt),organizer,원본 CSV 무변경 적재,"PK=(pd_no,pd_exg_mkt,info_seq); pd_no 중복 그룹 포함 행 2,463건",live DB 검증 완료 (2026-08-24)
PostgreSQL/RDB,raw,bond_kr_master,국내채권 원본 마스터,채권 거래·정보차수 1건/행,data/csv/PRBD01N001_bond_kr_master_20260824.csv,21882,34,mat_dt,만기일,text,Y,N,,,2026-08-21 (info_base_dt),organizer,원본 CSV 무변경 적재,"PK=(pd_no,pd_exg_mkt,info_seq); pd_no 중복 그룹 포함 행 2,463건",live DB 검증 완료 (2026-08-24)
PostgreSQL/RDB,raw,bond_kr_master,국내채권 원본 마스터,채권 거래·정보차수 1건/행,data/csv/PRBD01N001_bond_kr_master_20260824.csv,21882,35,ndy_applied_yield,익일 민평수익률/민평금리,double precision,Y,N,,,2026-08-21 (info_base_dt),organizer,원본 CSV 무변경 적재,"PK=(pd_no,pd_exg_mkt,info_seq); pd_no 중복 그룹 포함 행 2,463건",live DB 검증 완료 (2026-08-24)
PostgreSQL/RDB,raw,bond_kr_master,국내채권 원본 마스터,채권 거래·정보차수 1건/행,data/csv/PRBD01N001_bond_kr_master_20260824.csv,21882,36,ndy_cov,익일 컨벡시티,double precision,Y,N,,,2026-08-21 (info_base_dt),organizer,원본 CSV 무변경 적재,"PK=(pd_no,pd_exg_mkt,info_seq); pd_no 중복 그룹 포함 행 2,463건",live DB 검증 완료 (2026-08-24)
PostgreSQL/RDB,raw,bond_kr_master,국내채권 원본 마스터,채권 거래·정보차수 1건/행,data/csv/PRBD01N001_bond_kr_master_20260824.csv,21882,37,ndy_dirty,익일 이자부단가,double precision,Y,N,,,2026-08-21 (info_base_dt),organizer,원본 CSV 무변경 적재,"PK=(pd_no,pd_exg_mkt,info_seq); pd_no 중복 그룹 포함 행 2,463건",live DB 검증 완료 (2026-08-24)
PostgreSQL/RDB,raw,bond_kr_master,국내채권 원본 마스터,채권 거래·정보차수 1건/행,data/csv/PRBD01N001_bond_kr_master_20260824.csv,21882,38,ndy_dur,익일 듀레이션,double precision,Y,N,,,2026-08-21 (info_base_dt),organizer,원본 CSV 무변경 적재,"PK=(pd_no,pd_exg_mkt,info_seq); pd_no 중복 그룹 포함 행 2,463건",live DB 검증 완료 (2026-08-24)
PostgreSQL/RDB,raw,bond_kr_master,국내채권 원본 마스터,채권 거래·정보차수 1건/행,data/csv/PRBD01N001_bond_kr_master_20260824.csv,21882,39,ndy_eval_price,익일 평가일단가,double precision,Y,N,,,2026-08-21 (info_base_dt),organizer,원본 CSV 무변경 적재,"PK=(pd_no,pd_exg_mkt,info_seq); pd_no 중복 그룹 포함 행 2,463건",live DB 검증 완료 (2026-08-24)
PostgreSQL/RDB,raw,bond_kr_master,국내채권 원본 마스터,채권 거래·정보차수 1건/행,data/csv/PRBD01N001_bond_kr_master_20260824.csv,21882,40,pd_abrv_eng_nm,상품영문약어명,text,Y,N,,,2026-08-21 (info_base_dt),organizer,원본 CSV 무변경 적재,"PK=(pd_no,pd_exg_mkt,info_seq); pd_no 중복 그룹 포함 행 2,463건",live DB 검증 완료 (2026-08-24)
PostgreSQL/RDB,raw,bond_kr_master,국내채권 원본 마스터,채권 거래·정보차수 1건/행,data/csv/PRBD01N001_bond_kr_master_20260824.csv,21882,41,pd_abrv_nm,상품약어명,text,Y,N,,,2026-08-21 (info_base_dt),organizer,원본 CSV 무변경 적재,"PK=(pd_no,pd_exg_mkt,info_seq); pd_no 중복 그룹 포함 행 2,463건",live DB 검증 완료 (2026-08-24)
PostgreSQL/RDB,raw,bond_kr_master,국내채권 원본 마스터,채권 거래·정보차수 1건/행,data/csv/PRBD01N001_bond_kr_master_20260824.csv,21882,42,pd_ctry_cd,국가코드: 종목번호 앞 2자리(KR 등),text,Y,N,,,2026-08-21 (info_base_dt),organizer,원본 CSV 무변경 적재,"PK=(pd_no,pd_exg_mkt,info_seq); pd_no 중복 그룹 포함 행 2,463건",live DB 검증 완료 (2026-08-24)
PostgreSQL/RDB,raw,bond_kr_master,국내채권 원본 마스터,채권 거래·정보차수 1건/행,data/csv/PRBD01N001_bond_kr_master_20260824.csv,21882,43,pd_eng_nm,상품영문명,text,Y,N,,,2026-08-21 (info_base_dt),organizer,원본 CSV 무변경 적재,"PK=(pd_no,pd_exg_mkt,info_seq); pd_no 중복 그룹 포함 행 2,463건",live DB 검증 완료 (2026-08-24)
PostgreSQL/RDB,raw,bond_kr_master,국내채권 원본 마스터,채권 거래·정보차수 1건/행,data/csv/PRBD01N001_bond_kr_master_20260824.csv,21882,44,pd_exg_mkt,거래구분,text,N,Y,,,2026-08-21 (info_base_dt),organizer,원본 CSV 무변경 적재,"PK=(pd_no,pd_exg_mkt,info_seq); pd_no 중복 그룹 포함 행 2,463건",live DB 검증 완료 (2026-08-24)
PostgreSQL/RDB,raw,bond_kr_master,국내채권 원본 마스터,채권 거래·정보차수 1건/행,data/csv/PRBD01N001_bond_kr_master_20260824.csv,21882,45,pd_nm,상품명,text,Y,N,,,2026-08-21 (info_base_dt),organizer,원본 CSV 무변경 적재,"PK=(pd_no,pd_exg_mkt,info_seq); pd_no 중복 그룹 포함 행 2,463건",live DB 검증 완료 (2026-08-24)
PostgreSQL/RDB,raw,bond_kr_master,국내채권 원본 마스터,채권 거래·정보차수 1건/행,data/csv/PRBD01N001_bond_kr_master_20260824.csv,21882,46,pd_no,상품번호,text,N,Y,,,2026-08-21 (info_base_dt),organizer,원본 CSV 무변경 적재,"PK=(pd_no,pd_exg_mkt,info_seq); pd_no 중복 그룹 포함 행 2,463건",live DB 검증 완료 (2026-08-24)
PostgreSQL/RDB,raw,bond_kr_master,국내채권 원본 마스터,채권 거래·정보차수 1건/행,data/csv/PRBD01N001_bond_kr_master_20260824.csv,21882,47,pd_pbcm,발행사,text,Y,N,,,2026-08-21 (info_base_dt),organizer,원본 CSV 무변경 적재,"PK=(pd_no,pd_exg_mkt,info_seq); pd_no 중복 그룹 포함 행 2,463건",live DB 검증 완료 (2026-08-24)
PostgreSQL/RDB,raw,bond_kr_master,국내채권 원본 마스터,채권 거래·정보차수 1건/행,data/csv/PRBD01N001_bond_kr_master_20260824.csv,21882,48,pd_pen_tr_yn,퇴직연금 편입 가능 여부,text,Y,N,,,2026-08-21 (info_base_dt),organizer,원본 CSV 무변경 적재,"PK=(pd_no,pd_exg_mkt,info_seq); pd_no 중복 그룹 포함 행 2,463건",live DB 검증 완료 (2026-08-24)
PostgreSQL/RDB,raw,bond_kr_master,국내채권 원본 마스터,채권 거래·정보차수 1건/행,data/csv/PRBD01N001_bond_kr_master_20260824.csv,21882,49,pd_risk_gcd,상품위험등급 원문 코드,text,Y,N,,,2026-08-21 (info_base_dt),organizer,원본 CSV 무변경 적재,"PK=(pd_no,pd_exg_mkt,info_seq); pd_no 중복 그룹 포함 행 2,463건",live DB 검증 완료 (2026-08-24)
PostgreSQL/RDB,raw,bond_kr_master,국내채권 원본 마스터,채권 거래·정보차수 1건/행,data/csv/PRBD01N001_bond_kr_master_20260824.csv,21882,50,pd_risk_nm,상품위험등급명,text,Y,N,,,2026-08-21 (info_base_dt),organizer,원본 CSV 무변경 적재,"PK=(pd_no,pd_exg_mkt,info_seq); pd_no 중복 그룹 포함 행 2,463건",live DB 검증 완료 (2026-08-24)
PostgreSQL/RDB,raw,bond_kr_master,국내채권 원본 마스터,채권 거래·정보차수 1건/행,data/csv/PRBD01N001_bond_kr_master_20260824.csv,21882,51,pd_std_info_update,민평정보 기준일/최근 업데이트 일자,text,Y,N,,,2026-08-21 (info_base_dt),organizer,원본 CSV 무변경 적재,"PK=(pd_no,pd_exg_mkt,info_seq); pd_no 중복 그룹 포함 행 2,463건",live DB 검증 완료 (2026-08-24)
PostgreSQL/RDB,raw,bond_kr_master,국내채권 원본 마스터,채권 거래·정보차수 1건/행,data/csv/PRBD01N001_bond_kr_master_20260824.csv,21882,52,pref_tax_yield,세금우대 세후 운용수익률,double precision,Y,N,,,2026-08-21 (info_base_dt),organizer,원본 CSV 무변경 적재,"PK=(pd_no,pd_exg_mkt,info_seq); pd_no 중복 그룹 포함 행 2,463건",live DB 검증 완료 (2026-08-24)
PostgreSQL/RDB,raw,bond_kr_master,국내채권 원본 마스터,채권 거래·정보차수 1건/행,data/csv/PRBD01N001_bond_kr_master_20260824.csv,21882,53,remaining_days,잔존일수,double precision,Y,N,,,2026-08-21 (info_base_dt),organizer,원본 CSV 무변경 적재,"PK=(pd_no,pd_exg_mkt,info_seq); pd_no 중복 그룹 포함 행 2,463건",live DB 검증 완료 (2026-08-24)
PostgreSQL/RDB,raw,bond_kr_master,국내채권 원본 마스터,채권 거래·정보차수 1건/행,data/csv/PRBD01N001_bond_kr_master_20260824.csv,21882,54,sale_yield_base_dt,판매수익률 기준일,text,Y,N,,,2026-08-21 (info_base_dt),organizer,원본 CSV 무변경 적재,"PK=(pd_no,pd_exg_mkt,info_seq); pd_no 중복 그룹 포함 행 2,463건",live DB 검증 완료 (2026-08-24)
PostgreSQL/RDB,raw,bond_kr_master,국내채권 원본 마스터,채권 거래·정보차수 1건/행,data/csv/PRBD01N001_bond_kr_master_20260824.csv,21882,55,srfc_irt,표면금리,double precision,Y,N,,%,2026-08-21 (info_base_dt),organizer,원본 CSV 무변경 적재,"PK=(pd_no,pd_exg_mkt,info_seq); pd_no 중복 그룹 포함 행 2,463건",live DB 검증 완료 (2026-08-24)
PostgreSQL/RDB,raw,bond_kr_master,국내채권 원본 마스터,채권 거래·정보차수 1건/행,data/csv/PRBD01N001_bond_kr_master_20260824.csv,21882,56,std_pd_mcls_nm,채권 대분류,text,Y,N,,,2026-08-21 (info_base_dt),organizer,원본 CSV 무변경 적재,"PK=(pd_no,pd_exg_mkt,info_seq); pd_no 중복 그룹 포함 행 2,463건",live DB 검증 완료 (2026-08-24)
PostgreSQL/RDB,raw,bond_kr_master,국내채권 원본 마스터,채권 거래·정보차수 1건/행,data/csv/PRBD01N001_bond_kr_master_20260824.csv,21882,57,std_pd_scls_nm,상품소분류명,text,Y,N,,,2026-08-21 (info_base_dt),organizer,원본 CSV 무변경 적재,"PK=(pd_no,pd_exg_mkt,info_seq); pd_no 중복 그룹 포함 행 2,463건",live DB 검증 완료 (2026-08-24)
PostgreSQL/RDB,raw,bond_kr_master,국내채권 원본 마스터,채권 거래·정보차수 1건/행,data/csv/PRBD01N001_bond_kr_master_20260824.csv,21882,58,trade_price,매매단가(표준투입단가),double precision,Y,N,,,2026-08-21 (info_base_dt),organizer,원본 CSV 무변경 적재,"PK=(pd_no,pd_exg_mkt,info_seq); pd_no 중복 그룹 포함 행 2,463건",live DB 검증 완료 (2026-08-24)
PostgreSQL/RDB,raw,etf_kr_master,국내 ETF·ETN 원본 마스터,상품 1건/행,data/csv/PREF01N001_etf_kr_master_20260824.csv,1779,1,cu_base_index,기초지수,text,Y,N,,,2026-08-21 (가격·기준가),organizer,원본 CSV 무변경 적재,ETF 질의는 pd_grp_no='ETF' 필수,live DB 검증 완료 (2026-08-24)
PostgreSQL/RDB,raw,etf_kr_master,국내 ETF·ETN 원본 마스터,상품 1건/행,data/csv/PREF01N001_etf_kr_master_20260824.csv,1779,2,cu_charge_etc_rt,기타비용요율,text,Y,N,,,2026-08-21 (가격·기준가),organizer,원본 CSV 무변경 적재,ETF 질의는 pd_grp_no='ETF' 필수,live DB 검증 완료 (2026-08-24)
PostgreSQL/RDB,raw,etf_kr_master,국내 ETF·ETN 원본 마스터,상품 1건/행,data/csv/PREF01N001_etf_kr_master_20260824.csv,1779,3,cu_charge_rt,총보수요율,text,Y,N,,,2026-08-21 (가격·기준가),organizer,원본 CSV 무변경 적재,ETF 질의는 pd_grp_no='ETF' 필수,live DB 검증 완료 (2026-08-24)
PostgreSQL/RDB,raw,etf_kr_master,국내 ETF·ETN 원본 마스터,상품 1건/행,data/csv/PREF01N001_etf_kr_master_20260824.csv,1779,4,cu_fund_mgmt_co,운용사,text,Y,N,,,2026-08-21 (가격·기준가),organizer,원본 CSV 무변경 적재,ETF 질의는 pd_grp_no='ETF' 필수,live DB 검증 완료 (2026-08-24)
PostgreSQL/RDB,raw,etf_kr_master,국내 ETF·ETN 원본 마스터,상품 1건/행,data/csv/PREF01N001_etf_kr_master_20260824.csv,1779,5,cu_lev_fector,배수,text,Y,N,,,2026-08-21 (가격·기준가),organizer,원본 CSV 무변경 적재,ETF 질의는 pd_grp_no='ETF' 필수,live DB 검증 완료 (2026-08-24)
PostgreSQL/RDB,raw,etf_kr_master,국내 ETF·ETN 원본 마스터,상품 1건/행,data/csv/PREF01N001_etf_kr_master_20260824.csv,1779,6,cu_strtegy,운용전략,text,Y,N,,,2026-08-21 (가격·기준가),organizer,원본 CSV 무변경 적재,ETF 질의는 pd_grp_no='ETF' 필수,live DB 검증 완료 (2026-08-24)
PostgreSQL/RDB,raw,etf_kr_master,국내 ETF·ETN 원본 마스터,상품 1건/행,data/csv/PREF01N001_etf_kr_master_20260824.csv,1779,7,cu_upt_dt,변동갱신일자,text,Y,N,,,2026-08-21 (가격·기준가),organizer,원본 CSV 무변경 적재,ETF 질의는 pd_grp_no='ETF' 필수,live DB 검증 완료 (2026-08-24)
PostgreSQL/RDB,raw,etf_kr_master,국내 ETF·ETN 원본 마스터,상품 1건/행,data/csv/PREF01N001_etf_kr_master_20260824.csv,1779,8,du_bpr,기준가,"numeric(28,2)",Y,N,,,2026-08-21 (가격·기준가),organizer,원본 CSV 무변경 적재,ETF 질의는 pd_grp_no='ETF' 필수,live DB 검증 완료 (2026-08-24)
PostgreSQL/RDB,raw,etf_kr_master,국내 ETF·ETN 원본 마스터,상품 1건/행,data/csv/PREF01N001_etf_kr_master_20260824.csv,1779,9,du_chas_errt,추적오차율,"numeric(28,2)",Y,N,,,2026-08-21 (가격·기준가),organizer,원본 CSV 무변경 적재,ETF 질의는 pd_grp_no='ETF' 필수,live DB 검증 완료 (2026-08-24)
PostgreSQL/RDB,raw,etf_kr_master,국내 ETF·ETN 원본 마스터,상품 1건/행,data/csv/PREF01N001_etf_kr_master_20260824.csv,1779,10,du_chas_errt_base_dt,추적오차율 기준일,text,Y,N,,,2026-08-21 (가격·기준가),organizer,원본 CSV 무변경 적재,ETF 질의는 pd_grp_no='ETF' 필수,live DB 검증 완료 (2026-08-24)
PostgreSQL/RDB,raw,etf_kr_master,국내 ETF·ETN 원본 마스터,상품 1건/행,data/csv/PREF01N001_etf_kr_master_20260824.csv,1779,11,du_clpr,종가,"numeric(28,2)",Y,N,,,2026-08-21 (가격·기준가),organizer,원본 CSV 무변경 적재,ETF 질의는 pd_grp_no='ETF' 필수,live DB 검증 완료 (2026-08-24)
PostgreSQL/RDB,raw,etf_kr_master,국내 ETF·ETN 원본 마스터,상품 1건/행,data/csv/PREF01N001_etf_kr_master_20260824.csv,1779,12,du_diff_rt,괴리율,"numeric(28,2)",Y,N,,,2026-08-21 (가격·기준가),organizer,원본 CSV 무변경 적재,ETF 질의는 pd_grp_no='ETF' 필수,live DB 검증 완료 (2026-08-24)
PostgreSQL/RDB,raw,etf_kr_master,국내 ETF·ETN 원본 마스터,상품 1건/행,data/csv/PREF01N001_etf_kr_master_20260824.csv,1779,13,du_diff_rt_base_dt,괴리율 기준일,text,Y,N,,,2026-08-21 (가격·기준가),organizer,원본 CSV 무변경 적재,ETF 질의는 pd_grp_no='ETF' 필수,live DB 검증 완료 (2026-08-24)
PostgreSQL/RDB,raw,etf_kr_master,국내 ETF·ETN 원본 마스터,상품 1건/행,data/csv/PREF01N001_etf_kr_master_20260824.csv,1779,14,du_er_1d,수익률_1D,"numeric(28,2)",Y,N,,,2026-08-21 (가격·기준가),organizer,원본 CSV 무변경 적재,ETF 질의는 pd_grp_no='ETF' 필수,live DB 검증 완료 (2026-08-24)
PostgreSQL/RDB,raw,etf_kr_master,국내 ETF·ETN 원본 마스터,상품 1건/행,data/csv/PREF01N001_etf_kr_master_20260824.csv,1779,15,du_er_1m,1개월 수익률,"numeric(28,2)",Y,N,,%,2026-08-21 (가격·기준가),organizer,원본 CSV 무변경 적재,ETF 질의는 pd_grp_no='ETF' 필수,live DB 검증 완료 (2026-08-24)
PostgreSQL/RDB,raw,etf_kr_master,국내 ETF·ETN 원본 마스터,상품 1건/행,data/csv/PREF01N001_etf_kr_master_20260824.csv,1779,16,du_er_1y,수익률_1Y,"numeric(28,2)",Y,N,,,2026-08-21 (가격·기준가),organizer,원본 CSV 무변경 적재,ETF 질의는 pd_grp_no='ETF' 필수,live DB 검증 완료 (2026-08-24)
PostgreSQL/RDB,raw,etf_kr_master,국내 ETF·ETN 원본 마스터,상품 1건/행,data/csv/PREF01N001_etf_kr_master_20260824.csv,1779,17,du_er_3m,3개월 수익률,"numeric(28,2)",Y,N,,%,2026-08-21 (가격·기준가),organizer,원본 CSV 무변경 적재,ETF 질의는 pd_grp_no='ETF' 필수,live DB 검증 완료 (2026-08-24)
PostgreSQL/RDB,raw,etf_kr_master,국내 ETF·ETN 원본 마스터,상품 1건/행,data/csv/PREF01N001_etf_kr_master_20260824.csv,1779,18,du_er_6m,6개월 수익률,"numeric(28,2)",Y,N,,%,2026-08-21 (가격·기준가),organizer,원본 CSV 무변경 적재,ETF 질의는 pd_grp_no='ETF' 필수,live DB 검증 완료 (2026-08-24)
PostgreSQL/RDB,raw,etf_kr_master,국내 ETF·ETN 원본 마스터,상품 1건/행,data/csv/PREF01N001_etf_kr_master_20260824.csv,1779,19,du_er_ytd,수익률_YTD,"numeric(28,2)",Y,N,,,2026-08-21 (가격·기준가),organizer,원본 CSV 무변경 적재,ETF 질의는 pd_grp_no='ETF' 필수,live DB 검증 완료 (2026-08-24)
PostgreSQL/RDB,raw,etf_kr_master,국내 ETF·ETN 원본 마스터,상품 1건/행,data/csv/PREF01N001_etf_kr_master_20260824.csv,1779,20,du_hpr,고가,"numeric(28,2)",Y,N,,,2026-08-21 (가격·기준가),organizer,원본 CSV 무변경 적재,ETF 질의는 pd_grp_no='ETF' 필수,live DB 검증 완료 (2026-08-24)
PostgreSQL/RDB,raw,etf_kr_master,국내 ETF·ETN 원본 마스터,상품 1건/행,data/csv/PREF01N001_etf_kr_master_20260824.csv,1779,21,du_last_aum,최종AUM,"numeric(28,2)",Y,N,,,2026-08-21 (가격·기준가),organizer,원본 CSV 무변경 적재,ETF 질의는 pd_grp_no='ETF' 필수,live DB 검증 완료 (2026-08-24)
PostgreSQL/RDB,raw,etf_kr_master,국내 ETF·ETN 원본 마스터,상품 1건/행,data/csv/PREF01N001_etf_kr_master_20260824.csv,1779,22,du_last_nav,최종NAV,"numeric(28,2)",Y,N,,,2026-08-21 (가격·기준가),organizer,원본 CSV 무변경 적재,ETF 질의는 pd_grp_no='ETF' 필수,live DB 검증 완료 (2026-08-24)
PostgreSQL/RDB,raw,etf_kr_master,국내 ETF·ETN 원본 마스터,상품 1건/행,data/csv/PREF01N001_etf_kr_master_20260824.csv,1779,23,du_lpr,시가,"numeric(28,2)",Y,N,,,2026-08-21 (가격·기준가),organizer,원본 CSV 무변경 적재,ETF 질의는 pd_grp_no='ETF' 필수,live DB 검증 완료 (2026-08-24)
PostgreSQL/RDB,raw,etf_kr_master,국내 ETF·ETN 원본 마스터,상품 1건/행,data/csv/PREF01N001_etf_kr_master_20260824.csv,1779,24,du_nav_base_dt,NAV 기준일,text,Y,N,,,2026-08-21 (가격·기준가),organizer,원본 CSV 무변경 적재,ETF 질의는 pd_grp_no='ETF' 필수,live DB 검증 완료 (2026-08-24)
PostgreSQL/RDB,raw,etf_kr_master,국내 ETF·ETN 원본 마스터,상품 1건/행,data/csv/PREF01N001_etf_kr_master_20260824.csv,1779,25,du_nav_rnf_amt,전일NAV등락금액,"numeric(28,2)",Y,N,,,2026-08-21 (가격·기준가),organizer,원본 CSV 무변경 적재,ETF 질의는 pd_grp_no='ETF' 필수,live DB 검증 완료 (2026-08-24)
PostgreSQL/RDB,raw,etf_kr_master,국내 ETF·ETN 원본 마스터,상품 1건/행,data/csv/PREF01N001_etf_kr_master_20260824.csv,1779,26,du_nav_yday,전일NAV,"numeric(28,2)",Y,N,,,2026-08-21 (가격·기준가),organizer,원본 CSV 무변경 적재,ETF 질의는 pd_grp_no='ETF' 필수,live DB 검증 완료 (2026-08-24)
PostgreSQL/RDB,raw,etf_kr_master,국내 ETF·ETN 원본 마스터,상품 1건/행,data/csv/PREF01N001_etf_kr_master_20260824.csv,1779,27,du_upt_dt,데이터 기준일,text,Y,N,,,2026-08-21 (가격·기준가),organizer,원본 CSV 무변경 적재,ETF 질의는 pd_grp_no='ETF' 필수,live DB 검증 완료 (2026-08-24)
PostgreSQL/RDB,raw,etf_kr_master,국내 ETF·ETN 원본 마스터,상품 1건/행,data/csv/PREF01N001_etf_kr_master_20260824.csv,1779,28,du_val_1d,일거래대금,"numeric(28,2)",Y,N,,,2026-08-21 (가격·기준가),organizer,원본 CSV 무변경 적재,ETF 질의는 pd_grp_no='ETF' 필수,live DB 검증 완료 (2026-08-24)
PostgreSQL/RDB,raw,etf_kr_master,국내 ETF·ETN 원본 마스터,상품 1건/행,data/csv/PREF01N001_etf_kr_master_20260824.csv,1779,29,du_val_1m,일거래대금평균_1M,"numeric(28,2)",Y,N,,,2026-08-21 (가격·기준가),organizer,원본 CSV 무변경 적재,ETF 질의는 pd_grp_no='ETF' 필수,live DB 검증 완료 (2026-08-24)
PostgreSQL/RDB,raw,etf_kr_master,국내 ETF·ETN 원본 마스터,상품 1건/행,data/csv/PREF01N001_etf_kr_master_20260824.csv,1779,30,du_val_5d,일거래대금평균_5D,"numeric(28,2)",Y,N,,,2026-08-21 (가격·기준가),organizer,원본 CSV 무변경 적재,ETF 질의는 pd_grp_no='ETF' 필수,live DB 검증 완료 (2026-08-24)
PostgreSQL/RDB,raw,etf_kr_master,국내 ETF·ETN 원본 마스터,상품 1건/행,data/csv/PREF01N001_etf_kr_master_20260824.csv,1779,31,du_vlty_1m,최근 20거래일 연환산 변동성(%),"numeric(28,8)",Y,N,,,2026-08-21 (가격·기준가),organizer,원본 CSV 무변경 적재,ETF 질의는 pd_grp_no='ETF' 필수,live DB 검증 완료 (2026-08-24)
PostgreSQL/RDB,raw,etf_kr_master,국내 ETF·ETN 원본 마스터,상품 1건/행,data/csv/PREF01N001_etf_kr_master_20260824.csv,1779,32,du_vlty_1y,최근 252거래일 연환산 변동성(%),"numeric(28,8)",Y,N,,,2026-08-21 (가격·기준가),organizer,원본 CSV 무변경 적재,ETF 질의는 pd_grp_no='ETF' 필수,live DB 검증 완료 (2026-08-24)
PostgreSQL/RDB,raw,etf_kr_master,국내 ETF·ETN 원본 마스터,상품 1건/행,data/csv/PREF01N001_etf_kr_master_20260824.csv,1779,33,du_vlty_3m,최근 60거래일 연환산 변동성(%),"numeric(28,8)",Y,N,,,2026-08-21 (가격·기준가),organizer,원본 CSV 무변경 적재,ETF 질의는 pd_grp_no='ETF' 필수,live DB 검증 완료 (2026-08-24)
PostgreSQL/RDB,raw,etf_kr_master,국내 ETF·ETN 원본 마스터,상품 1건/행,data/csv/PREF01N001_etf_kr_master_20260824.csv,1779,34,du_vlty_6m,최근 120거래일 연환산 변동성(%),"numeric(28,8)",Y,N,,,2026-08-21 (가격·기준가),organizer,원본 CSV 무변경 적재,ETF 질의는 pd_grp_no='ETF' 필수,live DB 검증 완료 (2026-08-24)
PostgreSQL/RDB,raw,etf_kr_master,국내 ETF·ETN 원본 마스터,상품 1건/행,data/csv/PREF01N001_etf_kr_master_20260824.csv,1779,35,du_vlty_base_dt,변동성 산출 기준일,text,Y,N,,,2026-08-21 (가격·기준가),organizer,원본 CSV 무변경 적재,ETF 질의는 pd_grp_no='ETF' 필수,live DB 검증 완료 (2026-08-24)
PostgreSQL/RDB,raw,etf_kr_master,국내 ETF·ETN 원본 마스터,상품 1건/행,data/csv/PREF01N001_etf_kr_master_20260824.csv,1779,36,du_vol_1d,일거래량,"numeric(28,2)",Y,N,,,2026-08-21 (가격·기준가),organizer,원본 CSV 무변경 적재,ETF 질의는 pd_grp_no='ETF' 필수,live DB 검증 완료 (2026-08-24)
PostgreSQL/RDB,raw,etf_kr_master,국내 ETF·ETN 원본 마스터,상품 1건/행,data/csv/PREF01N001_etf_kr_master_20260824.csv,1779,37,du_vol_avg_1m,거래량평균_1M,"numeric(28,2)",Y,N,,,2026-08-21 (가격·기준가),organizer,원본 CSV 무변경 적재,ETF 질의는 pd_grp_no='ETF' 필수,live DB 검증 완료 (2026-08-24)
PostgreSQL/RDB,raw,etf_kr_master,국내 ETF·ETN 원본 마스터,상품 1건/행,data/csv/PREF01N001_etf_kr_master_20260824.csv,1779,38,du_vol_avg_5d,거래량평균_5D,"numeric(28,2)",Y,N,,,2026-08-21 (가격·기준가),organizer,원본 CSV 무변경 적재,ETF 질의는 pd_grp_no='ETF' 필수,live DB 검증 완료 (2026-08-24)
PostgreSQL/RDB,raw,etf_kr_master,국내 ETF·ETN 원본 마스터,상품 1건/행,data/csv/PREF01N001_etf_kr_master_20260824.csv,1779,39,fn_average_coupon,평균쿠폰이자율,"numeric(28,8)",Y,N,,,2026-08-21 (가격·기준가),organizer,원본 CSV 무변경 적재,ETF 질의는 pd_grp_no='ETF' 필수,live DB 검증 완료 (2026-08-24)
PostgreSQL/RDB,raw,etf_kr_master,국내 ETF·ETN 원본 마스터,상품 1건/행,data/csv/PREF01N001_etf_kr_master_20260824.csv,1779,40,fn_average_maturity,평균잔존만기,"numeric(28,8)",Y,N,,,2026-08-21 (가격·기준가),organizer,원본 CSV 무변경 적재,ETF 질의는 pd_grp_no='ETF' 필수,live DB 검증 완료 (2026-08-24)
PostgreSQL/RDB,raw,etf_kr_master,국내 ETF·ETN 원본 마스터,상품 1건/행,data/csv/PREF01N001_etf_kr_master_20260824.csv,1779,41,fn_average_quality,평균신용품질,text,Y,N,,,2026-08-21 (가격·기준가),organizer,원본 CSV 무변경 적재,ETF 질의는 pd_grp_no='ETF' 필수,live DB 검증 완료 (2026-08-24)
PostgreSQL/RDB,raw,etf_kr_master,국내 ETF·ETN 원본 마스터,상품 1건/행,data/csv/PREF01N001_etf_kr_master_20260824.csv,1779,42,fn_base_dt,펀더멘털 기준일,text,Y,N,,,2026-08-21 (가격·기준가),organizer,원본 CSV 무변경 적재,ETF 질의는 pd_grp_no='ETF' 필수,live DB 검증 완료 (2026-08-24)
PostgreSQL/RDB,raw,etf_kr_master,국내 ETF·ETN 원본 마스터,상품 1건/행,data/csv/PREF01N001_etf_kr_master_20260824.csv,1779,43,fn_effective_duration,듀레이션,"numeric(28,8)",Y,N,,,2026-08-21 (가격·기준가),organizer,원본 CSV 무변경 적재,ETF 질의는 pd_grp_no='ETF' 필수,live DB 검증 완료 (2026-08-24)
PostgreSQL/RDB,raw,etf_kr_master,국내 ETF·ETN 원본 마스터,상품 1건/행,data/csv/PREF01N001_etf_kr_master_20260824.csv,1779,44,fn_effective_maturity,실질만기,"numeric(28,8)",Y,N,,,2026-08-21 (가격·기준가),organizer,원본 CSV 무변경 적재,ETF 질의는 pd_grp_no='ETF' 필수,live DB 검증 완료 (2026-08-24)
PostgreSQL/RDB,raw,etf_kr_master,국내 ETF·ETN 원본 마스터,상품 1건/행,data/csv/PREF01N001_etf_kr_master_20260824.csv,1779,45,fn_modified_duration,수정듀레이션,"numeric(28,8)",Y,N,,,2026-08-21 (가격·기준가),organizer,원본 CSV 무변경 적재,ETF 질의는 pd_grp_no='ETF' 필수,live DB 검증 완료 (2026-08-24)
PostgreSQL/RDB,raw,etf_kr_master,국내 ETF·ETN 원본 마스터,상품 1건/행,data/csv/PREF01N001_etf_kr_master_20260824.csv,1779,46,fn_nominal_maturity,명목만기,"numeric(28,8)",Y,N,,,2026-08-21 (가격·기준가),organizer,원본 CSV 무변경 적재,ETF 질의는 pd_grp_no='ETF' 필수,live DB 검증 완료 (2026-08-24)
PostgreSQL/RDB,raw,etf_kr_master,국내 ETF·ETN 원본 마스터,상품 1건/행,data/csv/PREF01N001_etf_kr_master_20260824.csv,1779,47,fn_portfolio_dt,포트폴리오 기준일,text,Y,N,,,2026-08-21 (가격·기준가),organizer,원본 CSV 무변경 적재,ETF 질의는 pd_grp_no='ETF' 필수,live DB 검증 완료 (2026-08-24)
PostgreSQL/RDB,raw,etf_kr_master,국내 ETF·ETN 원본 마스터,상품 1건/행,data/csv/PREF01N001_etf_kr_master_20260824.csv,1779,48,pd_abrv_nm,상품약어명,text,Y,N,,,2026-08-21 (가격·기준가),organizer,원본 CSV 무변경 적재,ETF 질의는 pd_grp_no='ETF' 필수,live DB 검증 완료 (2026-08-24)
PostgreSQL/RDB,raw,etf_kr_master,국내 ETF·ETN 원본 마스터,상품 1건/행,data/csv/PREF01N001_etf_kr_master_20260824.csv,1779,49,pd_circ_net_tamt,유통순자산총액,"numeric(28,2)",Y,N,,,2026-08-21 (가격·기준가),organizer,원본 CSV 무변경 적재,ETF 질의는 pd_grp_no='ETF' 필수,live DB 검증 완료 (2026-08-24)
PostgreSQL/RDB,raw,etf_kr_master,국내 ETF·ETN 원본 마스터,상품 1건/행,data/csv/PREF01N001_etf_kr_master_20260824.csv,1779,50,pd_circ_stk_cnt,유통주식수,"numeric(28,2)",Y,N,,,2026-08-21 (가격·기준가),organizer,원본 CSV 무변경 적재,ETF 질의는 pd_grp_no='ETF' 필수,live DB 검증 완료 (2026-08-24)
PostgreSQL/RDB,raw,etf_kr_master,국내 ETF·ETN 원본 마스터,상품 1건/행,data/csv/PREF01N001_etf_kr_master_20260824.csv,1779,51,pd_curr_cd,상품통화코드,text,Y,N,,,2026-08-21 (가격·기준가),organizer,원본 CSV 무변경 적재,ETF 질의는 pd_grp_no='ETF' 필수,live DB 검증 완료 (2026-08-24)
PostgreSQL/RDB,raw,etf_kr_master,국내 ETF·ETN 원본 마스터,상품 1건/행,data/csv/PREF01N001_etf_kr_master_20260824.csv,1779,52,pd_curr_nm,상품통화명,text,Y,N,,,2026-08-21 (가격·기준가),organizer,원본 CSV 무변경 적재,ETF 질의는 pd_grp_no='ETF' 필수,live DB 검증 완료 (2026-08-24)
PostgreSQL/RDB,raw,etf_kr_master,국내 ETF·ETN 원본 마스터,상품 1건/행,data/csv/PREF01N001_etf_kr_master_20260824.csv,1779,53,pd_divd_amt_ann,연간 추정 분배금,"numeric(28,8)",Y,N,,,2026-08-21 (가격·기준가),organizer,원본 CSV 무변경 적재,ETF 질의는 pd_grp_no='ETF' 필수,live DB 검증 완료 (2026-08-24)
PostgreSQL/RDB,raw,etf_kr_master,국내 ETF·ETN 원본 마스터,상품 1건/행,data/csv/PREF01N001_etf_kr_master_20260824.csv,1779,54,pd_divd_amt_pshr,"주당 분배금(원천 우선, 없으면 회당 추정)","numeric(28,8)",Y,N,,,2026-08-21 (가격·기준가),organizer,원본 CSV 무변경 적재,ETF 질의는 pd_grp_no='ETF' 필수,live DB 검증 완료 (2026-08-24)
PostgreSQL/RDB,raw,etf_kr_master,국내 ETF·ETN 원본 마스터,상품 1건/행,data/csv/PREF01N001_etf_kr_master_20260824.csv,1779,55,pd_dvid_base_dt,분배정보 기준일,text,Y,N,,,2026-08-21 (가격·기준가),organizer,원본 CSV 무변경 적재,ETF 질의는 pd_grp_no='ETF' 필수,live DB 검증 완료 (2026-08-24)
PostgreSQL/RDB,raw,etf_kr_master,국내 ETF·ETN 원본 마스터,상품 1건/행,data/csv/PREF01N001_etf_kr_master_20260824.csv,1779,56,pd_dvid_cycl,분배주기(A/Q/M/S),text,Y,N,,,2026-08-21 (가격·기준가),organizer,원본 CSV 무변경 적재,ETF 질의는 pd_grp_no='ETF' 필수,live DB 검증 완료 (2026-08-24)
PostgreSQL/RDB,raw,etf_kr_master,국내 ETF·ETN 원본 마스터,상품 1건/행,data/csv/PREF01N001_etf_kr_master_20260824.csv,1779,57,pd_dvid_inc_dist,원천 성과배분/분배금,"numeric(28,8)",Y,N,,,2026-08-21 (가격·기준가),organizer,원본 CSV 무변경 적재,ETF 질의는 pd_grp_no='ETF' 필수,live DB 검증 완료 (2026-08-24)
PostgreSQL/RDB,raw,etf_kr_master,국내 ETF·ETN 원본 마스터,상품 1건/행,data/csv/PREF01N001_etf_kr_master_20260824.csv,1779,58,pd_dvid_nav,분배금 계산 기준 NAV,"numeric(28,8)",Y,N,,,2026-08-21 (가격·기준가),organizer,원본 CSV 무변경 적재,ETF 질의는 pd_grp_no='ETF' 필수,live DB 검증 완료 (2026-08-24)
PostgreSQL/RDB,raw,etf_kr_master,국내 ETF·ETN 원본 마스터,상품 1건/행,data/csv/PREF01N001_etf_kr_master_20260824.csv,1779,59,pd_dvid_pay_cnt,연간 지급횟수,"numeric(28,0)",Y,N,,,2026-08-21 (가격·기준가),organizer,원본 CSV 무변경 적재,ETF 질의는 pd_grp_no='ETF' 필수,live DB 검증 완료 (2026-08-24)
PostgreSQL/RDB,raw,etf_kr_master,국내 ETF·ETN 원본 마스터,상품 1건/행,data/csv/PREF01N001_etf_kr_master_20260824.csv,1779,60,pd_dvid_pay_months,분배 지급월,text,Y,N,,,2026-08-21 (가격·기준가),organizer,원본 CSV 무변경 적재,ETF 질의는 pd_grp_no='ETF' 필수,live DB 검증 완료 (2026-08-24)
PostgreSQL/RDB,raw,etf_kr_master,국내 ETF·ETN 원본 마스터,상품 1건/행,data/csv/PREF01N001_etf_kr_master_20260824.csv,1779,61,pd_dvid_prc_base_dt,분배금 계산 NAV 기준일,text,Y,N,,,2026-08-21 (가격·기준가),organizer,원본 CSV 무변경 적재,ETF 질의는 pd_grp_no='ETF' 필수,live DB 검증 완료 (2026-08-24)
PostgreSQL/RDB,raw,etf_kr_master,국내 ETF·ETN 원본 마스터,상품 1건/행,data/csv/PREF01N001_etf_kr_master_20260824.csv,1779,62,pd_dvid_tax_basis,분배 과세기준,text,Y,N,,,2026-08-21 (가격·기준가),organizer,원본 CSV 무변경 적재,ETF 질의는 pd_grp_no='ETF' 필수,live DB 검증 완료 (2026-08-24)
PostgreSQL/RDB,raw,etf_kr_master,국내 ETF·ETN 원본 마스터,상품 1건/행,data/csv/PREF01N001_etf_kr_master_20260824.csv,1779,63,pd_dvid_yield,연환산 분배수익률,"numeric(28,8)",Y,N,,,2026-08-21 (가격·기준가),organizer,원본 CSV 무변경 적재,ETF 질의는 pd_grp_no='ETF' 필수,live DB 검증 완료 (2026-08-24)
PostgreSQL/RDB,raw,etf_kr_master,국내 ETF·ETN 원본 마스터,상품 1건/행,data/csv/PREF01N001_etf_kr_master_20260824.csv,1779,64,pd_exg_mkt_cd,거래소코드,text,Y,N,,,2026-08-21 (가격·기준가),organizer,원본 CSV 무변경 적재,ETF 질의는 pd_grp_no='ETF' 필수,live DB 검증 완료 (2026-08-24)
PostgreSQL/RDB,raw,etf_kr_master,국내 ETF·ETN 원본 마스터,상품 1건/행,data/csv/PREF01N001_etf_kr_master_20260824.csv,1779,65,pd_exg_mkt_nm,거래소명,text,Y,N,,,2026-08-21 (가격·기준가),organizer,원본 CSV 무변경 적재,ETF 질의는 pd_grp_no='ETF' 필수,live DB 검증 완료 (2026-08-24)
PostgreSQL/RDB,raw,etf_kr_master,국내 ETF·ETN 원본 마스터,상품 1건/행,data/csv/PREF01N001_etf_kr_master_20260824.csv,1779,66,pd_grp_no,상품군,text,Y,N,,,2026-08-21 (가격·기준가),organizer,원본 CSV 무변경 적재,ETF 질의는 pd_grp_no='ETF' 필수,live DB 검증 완료 (2026-08-24)
PostgreSQL/RDB,raw,etf_kr_master,국내 ETF·ETN 원본 마스터,상품 1건/행,data/csv/PREF01N001_etf_kr_master_20260824.csv,1779,67,pd_isin_cd,Refinitiv ISIN,text,Y,N,,,2026-08-21 (가격·기준가),organizer,원본 CSV 무변경 적재,ETF 질의는 pd_grp_no='ETF' 필수,live DB 검증 완료 (2026-08-24)
PostgreSQL/RDB,raw,etf_kr_master,국내 ETF·ETN 원본 마스터,상품 1건/행,data/csv/PREF01N001_etf_kr_master_20260824.csv,1779,68,pd_itm_no,상품번호,text,N,Y,,,2026-08-21 (가격·기준가),organizer,원본 CSV 무변경 적재,ETF 질의는 pd_grp_no='ETF' 필수,live DB 검증 완료 (2026-08-24)
PostgreSQL/RDB,raw,etf_kr_master,국내 ETF·ETN 원본 마스터,상품 1건/행,data/csv/PREF01N001_etf_kr_master_20260824.csv,1779,69,pd_itm_no_ma,상품번호_미래에셋,text,Y,N,,,2026-08-21 (가격·기준가),organizer,원본 CSV 무변경 적재,ETF 질의는 pd_grp_no='ETF' 필수,live DB 검증 완료 (2026-08-24)
PostgreSQL/RDB,raw,etf_kr_master,국내 ETF·ETN 원본 마스터,상품 1건/행,data/csv/PREF01N001_etf_kr_master_20260824.csv,1779,70,pd_lst_stk_cnt,상품상장주식수,"numeric(28,2)",Y,N,,,2026-08-21 (가격·기준가),organizer,원본 CSV 무변경 적재,ETF 질의는 pd_grp_no='ETF' 필수,live DB 검증 완료 (2026-08-24)
PostgreSQL/RDB,raw,etf_kr_master,국내 ETF·ETN 원본 마스터,상품 1건/행,data/csv/PREF01N001_etf_kr_master_20260824.csv,1779,71,pd_lste_dt,상품거래종료일자,text,Y,N,,,2026-08-21 (가격·기준가),organizer,원본 CSV 무변경 적재,ETF 질의는 pd_grp_no='ETF' 필수,live DB 검증 완료 (2026-08-24)
PostgreSQL/RDB,raw,etf_kr_master,국내 ETF·ETN 원본 마스터,상품 1건/행,data/csv/PREF01N001_etf_kr_master_20260824.csv,1779,72,pd_lstg_dt,상품거래가능일자,text,Y,N,,,2026-08-21 (가격·기준가),organizer,원본 CSV 무변경 적재,ETF 질의는 pd_grp_no='ETF' 필수,live DB 검증 완료 (2026-08-24)
PostgreSQL/RDB,raw,etf_kr_master,국내 ETF·ETN 원본 마스터,상품 1건/행,data/csv/PREF01N001_etf_kr_master_20260824.csv,1779,73,pd_mkt_id,상품거래시장코드,text,Y,N,,,2026-08-21 (가격·기준가),organizer,원본 CSV 무변경 적재,ETF 질의는 pd_grp_no='ETF' 필수,live DB 검증 완료 (2026-08-24)
PostgreSQL/RDB,raw,etf_kr_master,국내 ETF·ETN 원본 마스터,상품 1건/행,data/csv/PREF01N001_etf_kr_master_20260824.csv,1779,74,pd_mkt_nm,상품거래시장,text,Y,N,,,2026-08-21 (가격·기준가),organizer,원본 CSV 무변경 적재,ETF 질의는 pd_grp_no='ETF' 필수,live DB 검증 완료 (2026-08-24)
PostgreSQL/RDB,raw,etf_kr_master,국내 ETF·ETN 원본 마스터,상품 1건/행,data/csv/PREF01N001_etf_kr_master_20260824.csv,1779,75,pd_net_tamt,순자산,"numeric(28,2)",Y,N,,KRW,2026-08-21 (가격·기준가),organizer,원본 CSV 무변경 적재,ETF 질의는 pd_grp_no='ETF' 필수,live DB 검증 완료 (2026-08-24)
PostgreSQL/RDB,raw,etf_kr_master,국내 ETF·ETN 원본 마스터,상품 1건/행,data/csv/PREF01N001_etf_kr_master_20260824.csv,1779,76,pd_nm,상품명,text,Y,N,,,2026-08-21 (가격·기준가),organizer,원본 CSV 무변경 적재,ETF 질의는 pd_grp_no='ETF' 필수,live DB 검증 완료 (2026-08-24)
PostgreSQL/RDB,raw,etf_kr_master,국내 ETF·ETN 원본 마스터,상품 1건/행,data/csv/PREF01N001_etf_kr_master_20260824.csv,1779,77,pd_pen_risk_nm,연금 위험구분,text,Y,N,,,2026-08-21 (가격·기준가),organizer,원본 CSV 무변경 적재,ETF 질의는 pd_grp_no='ETF' 필수,live DB 검증 완료 (2026-08-24)
PostgreSQL/RDB,raw,etf_kr_master,국내 ETF·ETN 원본 마스터,상품 1건/행,data/csv/PREF01N001_etf_kr_master_20260824.csv,1779,78,pd_pen_tr_yn,연금거래 가능 여부,text,Y,N,,,2026-08-21 (가격·기준가),organizer,원본 CSV 무변경 적재,ETF 질의는 pd_grp_no='ETF' 필수,live DB 검증 완료 (2026-08-24)
PostgreSQL/RDB,raw,etf_kr_master,국내 ETF·ETN 원본 마스터,상품 1건/행,data/csv/PREF01N001_etf_kr_master_20260824.csv,1779,79,pd_ric,Refinitiv RIC,text,Y,N,,,2026-08-21 (가격·기준가),organizer,원본 CSV 무변경 적재,ETF 질의는 pd_grp_no='ETF' 필수,live DB 검증 완료 (2026-08-24)
PostgreSQL/RDB,raw,etf_kr_master,국내 ETF·ETN 원본 마스터,상품 1건/행,data/csv/PREF01N001_etf_kr_master_20260824.csv,1779,80,pd_risk_cd,상품등급코드,text,Y,N,,,2026-08-21 (가격·기준가),organizer,원본 CSV 무변경 적재,ETF 질의는 pd_grp_no='ETF' 필수,live DB 검증 완료 (2026-08-24)
PostgreSQL/RDB,raw,etf_kr_master,국내 ETF·ETN 원본 마스터,상품 1건/행,data/csv/PREF01N001_etf_kr_master_20260824.csv,1779,81,pd_risk_nm,상품 위험등급,text,Y,N,,,2026-08-21 (가격·기준가),organizer,원본 CSV 무변경 적재,ETF 질의는 pd_grp_no='ETF' 필수,live DB 검증 완료 (2026-08-24)
PostgreSQL/RDB,raw,etf_kr_master,국내 ETF·ETN 원본 마스터,상품 1건/행,data/csv/PREF01N001_etf_kr_master_20260824.csv,1779,82,pd_sale_yn,판매 상태,text,Y,N,,,2026-08-21 (가격·기준가),organizer,원본 CSV 무변경 적재,ETF 질의는 pd_grp_no='ETF' 필수,live DB 검증 완료 (2026-08-24)
PostgreSQL/RDB,raw,etf_kr_master,국내 ETF·ETN 원본 마스터,상품 1건/행,data/csv/PREF01N001_etf_kr_master_20260824.csv,1779,83,pd_sect_cd,ETF 섹터코드,text,Y,N,,,2026-08-21 (가격·기준가),organizer,원본 CSV 무변경 적재,ETF 질의는 pd_grp_no='ETF' 필수,live DB 검증 완료 (2026-08-24)
PostgreSQL/RDB,raw,etf_kr_master,국내 ETF·ETN 원본 마스터,상품 1건/행,data/csv/PREF01N001_etf_kr_master_20260824.csv,1779,84,pd_spac_yn,SPAC 여부,text,Y,N,,,2026-08-21 (가격·기준가),organizer,원본 CSV 무변경 적재,ETF 질의는 pd_grp_no='ETF' 필수,live DB 검증 완료 (2026-08-24)
PostgreSQL/RDB,raw,etf_kr_master,국내 ETF·ETN 원본 마스터,상품 1건/행,data/csv/PREF01N001_etf_kr_master_20260824.csv,1779,85,pd_stk_cnt,상장주식수,"numeric(28,2)",Y,N,,,2026-08-21 (가격·기준가),organizer,원본 CSV 무변경 적재,ETF 질의는 pd_grp_no='ETF' 필수,live DB 검증 완료 (2026-08-24)
PostgreSQL/RDB,raw,etf_kr_master,국내 ETF·ETN 원본 마스터,상품 1건/행,data/csv/PREF01N001_etf_kr_master_20260824.csv,1779,86,pd_ticker,Refinitiv 티커,text,Y,N,,,2026-08-21 (가격·기준가),organizer,원본 CSV 무변경 적재,ETF 질의는 pd_grp_no='ETF' 필수,live DB 검증 완료 (2026-08-24)
PostgreSQL/RDB,raw,etf_kr_master,국내 ETF·ETN 원본 마스터,상품 1건/행,data/csv/PREF01N001_etf_kr_master_20260824.csv,1779,87,pd_tr_yn,거래정지 여부,text,Y,N,,,2026-08-21 (가격·기준가),organizer,원본 CSV 무변경 적재,ETF 질의는 pd_grp_no='ETF' 필수,live DB 검증 완료 (2026-08-24)
PostgreSQL/RDB,raw,etf_kr_master,국내 ETF·ETN 원본 마스터,상품 1건/행,data/csv/PREF01N001_etf_kr_master_20260824.csv,1779,88,ref_ast_type,refinitiv 자산유형,text,Y,N,,,2026-08-21 (가격·기준가),organizer,원본 CSV 무변경 적재,ETF 질의는 pd_grp_no='ETF' 필수,live DB 검증 완료 (2026-08-24)
PostgreSQL/RDB,raw,etf_kr_master,국내 ETF·ETN 원본 마스터,상품 1건/행,data/csv/PREF01N001_etf_kr_master_20260824.csv,1779,89,ref_base_dt,refinitiv 기준일,text,Y,N,,,2026-08-21 (가격·기준가),organizer,원본 CSV 무변경 적재,ETF 질의는 pd_grp_no='ETF' 필수,live DB 검증 완료 (2026-08-24)
PostgreSQL/RDB,raw,etf_kr_master,국내 ETF·ETN 원본 마스터,상품 1건/행,data/csv/PREF01N001_etf_kr_master_20260824.csv,1779,90,ref_base_index,refinitiv 벤치마크,text,Y,N,,,2026-08-21 (가격·기준가),organizer,원본 CSV 무변경 적재,ETF 질의는 pd_grp_no='ETF' 필수,live DB 검증 완료 (2026-08-24)
PostgreSQL/RDB,raw,etf_kr_master,국내 ETF·ETN 원본 마스터,상품 1건/행,data/csv/PREF01N001_etf_kr_master_20260824.csv,1779,91,ref_fund_mgmt_co,refinitiv 운용사,text,Y,N,,,2026-08-21 (가격·기준가),organizer,원본 CSV 무변경 적재,ETF 질의는 pd_grp_no='ETF' 필수,live DB 검증 완료 (2026-08-24)
PostgreSQL/RDB,raw,etf_kr_master,국내 ETF·ETN 원본 마스터,상품 1건/행,data/csv/PREF01N001_etf_kr_master_20260824.csv,1779,92,ref_geo_focus,refinitiv 투자지역,text,Y,N,,,2026-08-21 (가격·기준가),organizer,원본 CSV 무변경 적재,ETF 질의는 pd_grp_no='ETF' 필수,live DB 검증 완료 (2026-08-24)
PostgreSQL/RDB,raw,etf_kr_master,국내 ETF·ETN 원본 마스터,상품 1건/행,data/csv/PREF01N001_etf_kr_master_20260824.csv,1779,93,ru_mkt_price,현재가,"numeric(28,2)",Y,N,,,2026-08-21 (가격·기준가),organizer,원본 CSV 무변경 적재,ETF 질의는 pd_grp_no='ETF' 필수,live DB 검증 완료 (2026-08-24)
PostgreSQL/RDB,raw,etf_kr_master,국내 ETF·ETN 원본 마스터,상품 1건/행,data/csv/PREF01N001_etf_kr_master_20260824.csv,1779,94,ru_mkt_volume,거래량,"numeric(28,2)",Y,N,,,2026-08-21 (가격·기준가),organizer,원본 CSV 무변경 적재,ETF 질의는 pd_grp_no='ETF' 필수,live DB 검증 완료 (2026-08-24)
PostgreSQL/RDB,raw,etf_kr_master,국내 ETF·ETN 원본 마스터,상품 1건/행,data/csv/PREF01N001_etf_kr_master_20260824.csv,1779,95,wu_core_yn,핵심ETF여부,text,Y,N,,,2026-08-21 (가격·기준가),organizer,원본 CSV 무변경 적재,ETF 질의는 pd_grp_no='ETF' 필수,live DB 검증 완료 (2026-08-24)
PostgreSQL/RDB,raw,etf_kr_master,국내 ETF·ETN 원본 마스터,상품 1건/행,data/csv/PREF01N001_etf_kr_master_20260824.csv,1779,96,wu_inv_ast_type,투자자산군,text,Y,N,,,2026-08-21 (가격·기준가),organizer,원본 CSV 무변경 적재,ETF 질의는 pd_grp_no='ETF' 필수,live DB 검증 완료 (2026-08-24)
PostgreSQL/RDB,raw,etf_kr_master,국내 ETF·ETN 원본 마스터,상품 1건/행,data/csv/PREF01N001_etf_kr_master_20260824.csv,1779,97,wu_inv_rgn,투자지역,text,Y,N,,,2026-08-21 (가격·기준가),organizer,원본 CSV 무변경 적재,ETF 질의는 pd_grp_no='ETF' 필수,live DB 검증 완료 (2026-08-24)
PostgreSQL/RDB,raw,etf_kr_master,국내 ETF·ETN 원본 마스터,상품 1건/행,data/csv/PREF01N001_etf_kr_master_20260824.csv,1779,98,wu_upt_dt,주간갱신일자,text,Y,N,,,2026-08-21 (가격·기준가),organizer,원본 CSV 무변경 적재,ETF 질의는 pd_grp_no='ETF' 필수,live DB 검증 완료 (2026-08-24)
PostgreSQL/RDB,raw,etf_gl_master,해외 ETF·ETN 원본 마스터,상품 1건/행,data/csv/PREF02N001_etf_gl_master_20260824.csv,6037,1,cu_base_index,기초지수,text,Y,N,,,2026-08-21 (종가 최빈값; 행별 기준일),organizer,원본 CSV 무변경 적재,문장형 sentinel은 NULL 취급 필요,live DB 검증 완료 (2026-08-24)
PostgreSQL/RDB,raw,etf_gl_master,해외 ETF·ETN 원본 마스터,상품 1건/행,data/csv/PREF02N001_etf_gl_master_20260824.csv,6037,2,cu_charge_rt,총보수,"numeric(18,6)",Y,N,,%,2026-08-21 (종가 최빈값; 행별 기준일),organizer,원본 CSV 무변경 적재,문장형 sentinel은 NULL 취급 필요,live DB 검증 완료 (2026-08-24)
PostgreSQL/RDB,raw,etf_gl_master,해외 ETF·ETN 원본 마스터,상품 1건/행,data/csv/PREF02N001_etf_gl_master_20260824.csv,6037,3,cu_etn_yn,ETN 여부,text,Y,N,,,2026-08-21 (종가 최빈값; 행별 기준일),organizer,원본 CSV 무변경 적재,문장형 sentinel은 NULL 취급 필요,live DB 검증 완료 (2026-08-24)
PostgreSQL/RDB,raw,etf_gl_master,해외 ETF·ETN 원본 마스터,상품 1건/행,data/csv/PREF02N001_etf_gl_master_20260824.csv,6037,4,cu_fund_mgmt_co,운용사,text,Y,N,,,2026-08-21 (종가 최빈값; 행별 기준일),organizer,원본 CSV 무변경 적재,문장형 sentinel은 NULL 취급 필요,live DB 검증 완료 (2026-08-24)
PostgreSQL/RDB,raw,etf_gl_master,해외 ETF·ETN 원본 마스터,상품 1건/행,data/csv/PREF02N001_etf_gl_master_20260824.csv,6037,5,cu_index_repl_mthd,지수 복제방식,text,Y,N,,,2026-08-21 (종가 최빈값; 행별 기준일),organizer,원본 CSV 무변경 적재,문장형 sentinel은 NULL 취급 필요,live DB 검증 완료 (2026-08-24)
PostgreSQL/RDB,raw,etf_gl_master,해외 ETF·ETN 원본 마스터,상품 1건/행,data/csv/PREF02N001_etf_gl_master_20260824.csv,6037,6,cu_index_tracking_yn,인덱스 추적 여부,text,Y,N,,,2026-08-21 (종가 최빈값; 행별 기준일),organizer,원본 CSV 무변경 적재,문장형 sentinel은 NULL 취급 필요,live DB 검증 완료 (2026-08-24)
PostgreSQL/RDB,raw,etf_gl_master,해외 ETF·ETN 원본 마스터,상품 1건/행,data/csv/PREF02N001_etf_gl_master_20260824.csv,6037,7,cu_inverse_short_yn,인버스 또는 숏 여부,text,Y,N,,,2026-08-21 (종가 최빈값; 행별 기준일),organizer,원본 CSV 무변경 적재,문장형 sentinel은 NULL 취급 필요,live DB 검증 완료 (2026-08-24)
PostgreSQL/RDB,raw,etf_gl_master,해외 ETF·ETN 원본 마스터,상품 1건/행,data/csv/PREF02N001_etf_gl_master_20260824.csv,6037,8,cu_lev_fector,배수,"numeric(18,6)",Y,N,,,2026-08-21 (종가 최빈값; 행별 기준일),organizer,원본 CSV 무변경 적재,문장형 sentinel은 NULL 취급 필요,live DB 검증 완료 (2026-08-24)
PostgreSQL/RDB,raw,etf_gl_master,해외 ETF·ETN 원본 마스터,상품 1건/행,data/csv/PREF02N001_etf_gl_master_20260824.csv,6037,9,cu_strtegy,운용전략,text,Y,N,,,2026-08-21 (종가 최빈값; 행별 기준일),organizer,원본 CSV 무변경 적재,문장형 sentinel은 NULL 취급 필요,live DB 검증 완료 (2026-08-24)
PostgreSQL/RDB,raw,etf_gl_master,해외 ETF·ETN 원본 마스터,상품 1건/행,data/csv/PREF02N001_etf_gl_master_20260824.csv,6037,10,cu_upt_dt,변동갱신일자,text,Y,N,,,2026-08-21 (종가 최빈값; 행별 기준일),organizer,원본 CSV 무변경 적재,문장형 sentinel은 NULL 취급 필요,live DB 검증 완료 (2026-08-24)
PostgreSQL/RDB,raw,etf_gl_master,해외 ETF·ETN 원본 마스터,상품 1건/행,data/csv/PREF02N001_etf_gl_master_20260824.csv,6037,11,du_base_dt_match_yn,NAV/종가 기준일 일치 여부,text,Y,N,,,2026-08-21 (종가 최빈값; 행별 기준일),organizer,원본 CSV 무변경 적재,문장형 sentinel은 NULL 취급 필요,live DB 검증 완료 (2026-08-24)
PostgreSQL/RDB,raw,etf_gl_master,해외 ETF·ETN 원본 마스터,상품 1건/행,data/csv/PREF02N001_etf_gl_master_20260824.csv,6037,12,du_bpr,기준가,"numeric(28,8)",Y,N,,,2026-08-21 (종가 최빈값; 행별 기준일),organizer,원본 CSV 무변경 적재,문장형 sentinel은 NULL 취급 필요,live DB 검증 완료 (2026-08-24)
PostgreSQL/RDB,raw,etf_gl_master,해외 ETF·ETN 원본 마스터,상품 1건/행,data/csv/PREF02N001_etf_gl_master_20260824.csv,6037,13,du_clpr,종가,"numeric(28,8)",Y,N,,,2026-08-21 (종가 최빈값; 행별 기준일),organizer,원본 CSV 무변경 적재,문장형 sentinel은 NULL 취급 필요,live DB 검증 완료 (2026-08-24)
PostgreSQL/RDB,raw,etf_gl_master,해외 ETF·ETN 원본 마스터,상품 1건/행,data/csv/PREF02N001_etf_gl_master_20260824.csv,6037,14,du_clpr_base_dt,가격 기준일,text,Y,N,,,2026-08-21 (종가 최빈값; 행별 기준일),organizer,원본 CSV 무변경 적재,문장형 sentinel은 NULL 취급 필요,live DB 검증 완료 (2026-08-24)
PostgreSQL/RDB,raw,etf_gl_master,해외 ETF·ETN 원본 마스터,상품 1건/행,data/csv/PREF02N001_etf_gl_master_20260824.csv,6037,15,du_clpr_src,선택된 종가 원천 컬럼,text,Y,N,,,2026-08-21 (종가 최빈값; 행별 기준일),organizer,원본 CSV 무변경 적재,문장형 sentinel은 NULL 취급 필요,live DB 검증 완료 (2026-08-24)
PostgreSQL/RDB,raw,etf_gl_master,해외 ETF·ETN 원본 마스터,상품 1건/행,data/csv/PREF02N001_etf_gl_master_20260824.csv,6037,16,du_diff_rt,종가 대비 추정 NAV 괴리율,"numeric(28,6)",Y,N,,,2026-08-21 (종가 최빈값; 행별 기준일),organizer,원본 CSV 무변경 적재,문장형 sentinel은 NULL 취급 필요,live DB 검증 완료 (2026-08-24)
PostgreSQL/RDB,raw,etf_gl_master,해외 ETF·ETN 원본 마스터,상품 1건/행,data/csv/PREF02N001_etf_gl_master_20260824.csv,6037,17,du_er_1d,수익률_1D,"numeric(28,6)",Y,N,,,2026-08-21 (종가 최빈값; 행별 기준일),organizer,원본 CSV 무변경 적재,문장형 sentinel은 NULL 취급 필요,live DB 검증 완료 (2026-08-24)
PostgreSQL/RDB,raw,etf_gl_master,해외 ETF·ETN 원본 마스터,상품 1건/행,data/csv/PREF02N001_etf_gl_master_20260824.csv,6037,18,du_hpr,고가,"numeric(28,8)",Y,N,,,2026-08-21 (종가 최빈값; 행별 기준일),organizer,원본 CSV 무변경 적재,문장형 sentinel은 NULL 취급 필요,live DB 검증 완료 (2026-08-24)
PostgreSQL/RDB,raw,etf_gl_master,해외 ETF·ETN 원본 마스터,상품 1건/행,data/csv/PREF02N001_etf_gl_master_20260824.csv,6037,19,du_last_aum,AUM,"numeric(28,2)",Y,N,,USD,2026-08-21 (종가 최빈값; 행별 기준일),organizer,원본 CSV 무변경 적재,문장형 sentinel은 NULL 취급 필요,live DB 검증 완료 (2026-08-24)
PostgreSQL/RDB,raw,etf_gl_master,해외 ETF·ETN 원본 마스터,상품 1건/행,data/csv/PREF02N001_etf_gl_master_20260824.csv,6037,20,du_last_nav,추정 주당 NAV,"numeric(28,6)",Y,N,,,2026-08-21 (종가 최빈값; 행별 기준일),organizer,원본 CSV 무변경 적재,문장형 sentinel은 NULL 취급 필요,live DB 검증 완료 (2026-08-24)
PostgreSQL/RDB,raw,etf_gl_master,해외 ETF·ETN 원본 마스터,상품 1건/행,data/csv/PREF02N001_etf_gl_master_20260824.csv,6037,21,du_lpr,저가,"numeric(28,8)",Y,N,,,2026-08-21 (종가 최빈값; 행별 기준일),organizer,원본 CSV 무변경 적재,문장형 sentinel은 NULL 취급 필요,live DB 검증 완료 (2026-08-24)
PostgreSQL/RDB,raw,etf_gl_master,해외 ETF·ETN 원본 마스터,상품 1건/행,data/csv/PREF02N001_etf_gl_master_20260824.csv,6037,22,du_nav_base_dt,AUM 기준일,text,Y,N,,,2026-08-21 (종가 최빈값; 행별 기준일),organizer,원본 CSV 무변경 적재,문장형 sentinel은 NULL 취급 필요,live DB 검증 완료 (2026-08-24)
PostgreSQL/RDB,raw,etf_gl_master,해외 ETF·ETN 원본 마스터,상품 1건/행,data/csv/PREF02N001_etf_gl_master_20260824.csv,6037,23,du_opr,시가,"numeric(28,8)",Y,N,,,2026-08-21 (종가 최빈값; 행별 기준일),organizer,원본 CSV 무변경 적재,문장형 sentinel은 NULL 취급 필요,live DB 검증 완료 (2026-08-24)
PostgreSQL/RDB,raw,etf_gl_master,해외 ETF·ETN 원본 마스터,상품 1건/행,data/csv/PREF02N001_etf_gl_master_20260824.csv,6037,24,du_upt_dt,일간갱신일자,text,Y,N,,,2026-08-21 (종가 최빈값; 행별 기준일),organizer,원본 CSV 무변경 적재,문장형 sentinel은 NULL 취급 필요,live DB 검증 완료 (2026-08-24)
PostgreSQL/RDB,raw,etf_gl_master,해외 ETF·ETN 원본 마스터,상품 1건/행,data/csv/PREF02N001_etf_gl_master_20260824.csv,6037,25,du_val_1d,외화거래대금,"numeric(28,8)",Y,N,,,2026-08-21 (종가 최빈값; 행별 기준일),organizer,원본 CSV 무변경 적재,문장형 sentinel은 NULL 취급 필요,live DB 검증 완료 (2026-08-24)
PostgreSQL/RDB,raw,etf_gl_master,해외 ETF·ETN 원본 마스터,상품 1건/행,data/csv/PREF02N001_etf_gl_master_20260824.csv,6037,26,du_vol_1d,거래량,"numeric(28,8)",Y,N,,,2026-08-21 (종가 최빈값; 행별 기준일),organizer,원본 CSV 무변경 적재,문장형 sentinel은 NULL 취급 필요,live DB 검증 완료 (2026-08-24)
PostgreSQL/RDB,raw,etf_gl_master,해외 ETF·ETN 원본 마스터,상품 1건/행,data/csv/PREF02N001_etf_gl_master_20260824.csv,6037,27,pd_abrv_nm,티커,text,Y,N,,,2026-08-21 (종가 최빈값; 행별 기준일),organizer,원본 CSV 무변경 적재,문장형 sentinel은 NULL 취급 필요,live DB 검증 완료 (2026-08-24)
PostgreSQL/RDB,raw,etf_gl_master,해외 ETF·ETN 원본 마스터,상품 1건/행,data/csv/PREF02N001_etf_gl_master_20260824.csv,6037,28,pd_curr_cd,펀드통화코드,text,Y,N,,,2026-08-21 (종가 최빈값; 행별 기준일),organizer,원본 CSV 무변경 적재,문장형 sentinel은 NULL 취급 필요,live DB 검증 완료 (2026-08-24)
PostgreSQL/RDB,raw,etf_gl_master,해외 ETF·ETN 원본 마스터,상품 1건/행,data/csv/PREF02N001_etf_gl_master_20260824.csv,6037,29,pd_exg_mkt_cd,거래소코드,text,Y,N,,,2026-08-21 (종가 최빈값; 행별 기준일),organizer,원본 CSV 무변경 적재,문장형 sentinel은 NULL 취급 필요,live DB 검증 완료 (2026-08-24)
PostgreSQL/RDB,raw,etf_gl_master,해외 ETF·ETN 원본 마스터,상품 1건/행,data/csv/PREF02N001_etf_gl_master_20260824.csv,6037,30,pd_grp_no,상품군,text,Y,N,,,2026-08-21 (종가 최빈값; 행별 기준일),organizer,원본 CSV 무변경 적재,문장형 sentinel은 NULL 취급 필요,live DB 검증 완료 (2026-08-24)
PostgreSQL/RDB,raw,etf_gl_master,해외 ETF·ETN 원본 마스터,상품 1건/행,data/csv/PREF02N001_etf_gl_master_20260824.csv,6037,31,pd_isin_cd,ISIN,text,Y,N,,,2026-08-21 (종가 최빈값; 행별 기준일),organizer,원본 CSV 무변경 적재,문장형 sentinel은 NULL 취급 필요,live DB 검증 완료 (2026-08-24)
PostgreSQL/RDB,raw,etf_gl_master,해외 ETF·ETN 원본 마스터,상품 1건/행,data/csv/PREF02N001_etf_gl_master_20260824.csv,6037,32,pd_itm_no,상품번호,text,N,Y,,,2026-08-21 (종가 최빈값; 행별 기준일),organizer,원본 CSV 무변경 적재,문장형 sentinel은 NULL 취급 필요,live DB 검증 완료 (2026-08-24)
PostgreSQL/RDB,raw,etf_gl_master,해외 ETF·ETN 원본 마스터,상품 1건/행,data/csv/PREF02N001_etf_gl_master_20260824.csv,6037,33,pd_itm_no_ma,해외 ETF RIC_PDF 조인키,text,Y,N,,,2026-08-21 (종가 최빈값; 행별 기준일),organizer,원본 CSV 무변경 적재,문장형 sentinel은 NULL 취급 필요,live DB 검증 완료 (2026-08-24)
PostgreSQL/RDB,raw,etf_gl_master,해외 ETF·ETN 원본 마스터,상품 1건/행,data/csv/PREF02N001_etf_gl_master_20260824.csv,6037,34,pd_lipper_id,Lipper 펀드코드,text,Y,N,,,2026-08-21 (종가 최빈값; 행별 기준일),organizer,원본 CSV 무변경 적재,문장형 sentinel은 NULL 취급 필요,live DB 검증 완료 (2026-08-24)
PostgreSQL/RDB,raw,etf_gl_master,해외 ETF·ETN 원본 마스터,상품 1건/행,data/csv/PREF02N001_etf_gl_master_20260824.csv,6037,35,pd_lstg_dt,설정일,text,Y,N,,,2026-08-21 (종가 최빈값; 행별 기준일),organizer,원본 CSV 무변경 적재,문장형 sentinel은 NULL 취급 필요,live DB 검증 완료 (2026-08-24)
PostgreSQL/RDB,raw,etf_gl_master,해외 ETF·ETN 원본 마스터,상품 1건/행,data/csv/PREF02N001_etf_gl_master_20260824.csv,6037,36,pd_lst_price,액면가,"numeric(28,8)",Y,N,,,2026-08-21 (종가 최빈값; 행별 기준일),organizer,원본 CSV 무변경 적재,문장형 sentinel은 NULL 취급 필요,live DB 검증 완료 (2026-08-24)
PostgreSQL/RDB,raw,etf_gl_master,해외 ETF·ETN 원본 마스터,상품 1건/행,data/csv/PREF02N001_etf_gl_master_20260824.csv,6037,37,pd_lst_stk_cnt,상장주식수,"numeric(28,2)",Y,N,,,2026-08-21 (종가 최빈값; 행별 기준일),organizer,원본 CSV 무변경 적재,문장형 sentinel은 NULL 취급 필요,live DB 검증 완료 (2026-08-24)
PostgreSQL/RDB,raw,etf_gl_master,해외 ETF·ETN 원본 마스터,상품 1건/행,data/csv/PREF02N001_etf_gl_master_20260824.csv,6037,38,pd_mkt_id,거래소국가코드,text,Y,N,,,2026-08-21 (종가 최빈값; 행별 기준일),organizer,원본 CSV 무변경 적재,문장형 sentinel은 NULL 취급 필요,live DB 검증 완료 (2026-08-24)
PostgreSQL/RDB,raw,etf_gl_master,해외 ETF·ETN 원본 마스터,상품 1건/행,data/csv/PREF02N001_etf_gl_master_20260824.csv,6037,39,pd_nm,정식 상품명,text,Y,N,,,2026-08-21 (종가 최빈값; 행별 기준일),organizer,원본 CSV 무변경 적재,문장형 sentinel은 NULL 취급 필요,live DB 검증 완료 (2026-08-24)
PostgreSQL/RDB,raw,etf_gl_master,해외 ETF·ETN 원본 마스터,상품 1건/행,data/csv/PREF02N001_etf_gl_master_20260824.csv,6037,40,pd_sale_yn,판매여부,text,Y,N,,,2026-08-21 (종가 최빈값; 행별 기준일),organizer,원본 CSV 무변경 적재,문장형 sentinel은 NULL 취급 필요,live DB 검증 완료 (2026-08-24)
PostgreSQL/RDB,raw,etf_gl_master,해외 ETF·ETN 원본 마스터,상품 1건/행,data/csv/PREF02N001_etf_gl_master_20260824.csv,6037,41,pd_trd_ccy,통화 단위,text,Y,N,,,2026-08-21 (종가 최빈값; 행별 기준일),organizer,원본 CSV 무변경 적재,문장형 sentinel은 NULL 취급 필요,live DB 검증 완료 (2026-08-24)
PostgreSQL/RDB,raw,etf_gl_master,해외 ETF·ETN 원본 마스터,상품 1건/행,data/csv/PREF02N001_etf_gl_master_20260824.csv,6037,42,pd_tr_yn,거래정지여부,text,Y,N,,,2026-08-21 (종가 최빈값; 행별 기준일),organizer,원본 CSV 무변경 적재,문장형 sentinel은 NULL 취급 필요,live DB 검증 완료 (2026-08-24)
PostgreSQL/RDB,raw,etf_gl_master,해외 ETF·ETN 원본 마스터,상품 1건/행,data/csv/PREF02N001_etf_gl_master_20260824.csv,6037,43,pd_us_cik,미국 CIK,text,Y,N,,,2026-08-21 (종가 최빈값; 행별 기준일),organizer,원본 CSV 무변경 적재,문장형 sentinel은 NULL 취급 필요,live DB 검증 완료 (2026-08-24)
PostgreSQL/RDB,raw,etf_gl_master,해외 ETF·ETN 원본 마스터,상품 1건/행,data/csv/PREF02N001_etf_gl_master_20260824.csv,6037,44,ru_mkt_price,현재가,"numeric(28,8)",Y,N,,,2026-08-21 (종가 최빈값; 행별 기준일),organizer,원본 CSV 무변경 적재,문장형 sentinel은 NULL 취급 필요,live DB 검증 완료 (2026-08-24)
PostgreSQL/RDB,raw,etf_gl_master,해외 ETF·ETN 원본 마스터,상품 1건/행,data/csv/PREF02N001_etf_gl_master_20260824.csv,6037,45,ru_mkt_volume,실시간 거래량,"numeric(28,8)",Y,N,,,2026-08-21 (종가 최빈값; 행별 기준일),organizer,원본 CSV 무변경 적재,문장형 sentinel은 NULL 취급 필요,live DB 검증 완료 (2026-08-24)
PostgreSQL/RDB,raw,etf_gl_master,해외 ETF·ETN 원본 마스터,상품 1건/행,data/csv/PREF02N001_etf_gl_master_20260824.csv,6037,46,wu_core_yn,핵심 ETF 여부,text,Y,N,,,2026-08-21 (종가 최빈값; 행별 기준일),organizer,원본 CSV 무변경 적재,문장형 sentinel은 NULL 취급 필요,live DB 검증 완료 (2026-08-24)
PostgreSQL/RDB,raw,etf_gl_master,해외 ETF·ETN 원본 마스터,상품 1건/행,data/csv/PREF02N001_etf_gl_master_20260824.csv,6037,47,wu_inv_ast_type,투자자산 유형,text,Y,N,,,2026-08-21 (종가 최빈값; 행별 기준일),organizer,원본 CSV 무변경 적재,문장형 sentinel은 NULL 취급 필요,live DB 검증 완료 (2026-08-24)
PostgreSQL/RDB,raw,etf_gl_master,해외 ETF·ETN 원본 마스터,상품 1건/행,data/csv/PREF02N001_etf_gl_master_20260824.csv,6037,48,wu_inv_rgn,투자지역,text,Y,N,,,2026-08-21 (종가 최빈값; 행별 기준일),organizer,원본 CSV 무변경 적재,문장형 sentinel은 NULL 취급 필요,live DB 검증 완료 (2026-08-24)
PostgreSQL/RDB,raw,etf_gl_master,해외 ETF·ETN 원본 마스터,상품 1건/행,data/csv/PREF02N001_etf_gl_master_20260824.csv,6037,49,wu_upt_dt,주간갱신일자,text,Y,N,,,2026-08-21 (종가 최빈값; 행별 기준일),organizer,원본 CSV 무변경 적재,문장형 sentinel은 NULL 취급 필요,live DB 검증 완료 (2026-08-24)
PostgreSQL/RDB,raw,fund_pub_master,펀드 원본 마스터,펀드 1건/행,data/csv/PRFD01N001_fund_pub_master_20260824.csv,23676,1,bmrk_eng_nm,벤치마크영문명,text,Y,N,,,2026-08-21 (원천에 기준일 컬럼 없음),organizer,원본 CSV 무변경 적재,itm_no PK; prfd_attr_cds는 원천에 집약된 속성 목록,live DB 검증 완료 (2026-08-24)
PostgreSQL/RDB,raw,fund_pub_master,펀드 원본 마스터,펀드 1건/행,data/csv/PRFD01N001_fund_pub_master_20260824.csv,23676,2,bmrk_nm,벤치마크,text,Y,N,,,2026-08-21 (원천에 기준일 컬럼 없음),organizer,원본 CSV 무변경 적재,itm_no PK; prfd_attr_cds는 원천에 집약된 속성 목록,live DB 검증 완료 (2026-08-24)
PostgreSQL/RDB,raw,fund_pub_master,펀드 원본 마스터,펀드 1건/행,data/csv/PRFD01N001_fund_pub_master_20260824.csv,23676,3,bns_bpr,매매기준가,"numeric(38,15)",Y,N,,,2026-08-21 (원천에 기준일 컬럼 없음),organizer,원본 CSV 무변경 적재,itm_no PK; prfd_attr_cds는 원천에 집약된 속성 목록,live DB 검증 완료 (2026-08-24)
PostgreSQL/RDB,raw,fund_pub_master,펀드 원본 마스터,펀드 1건/행,data/csv/PRFD01N001_fund_pub_master_20260824.csv,23676,4,curr_cd,통화,text,Y,N,,,2026-08-21 (원천에 기준일 컬럼 없음),organizer,원본 CSV 무변경 적재,itm_no PK; prfd_attr_cds는 원천에 집약된 속성 목록,live DB 검증 완료 (2026-08-24)
PostgreSQL/RDB,raw,fund_pub_master,펀드 원본 마스터,펀드 1건/행,data/csv/PRFD01N001_fund_pub_master_20260824.csv,23676,5,exchdg_yn,환헤지여부,text,Y,N,,,2026-08-21 (원천에 기준일 컬럼 없음),organizer,원본 CSV 무변경 적재,itm_no PK; prfd_attr_cds는 원천에 집약된 속성 목록,live DB 검증 완료 (2026-08-24)
PostgreSQL/RDB,raw,fund_pub_master,펀드 원본 마스터,펀드 1건/행,data/csv/PRFD01N001_fund_pub_master_20260824.csv,23676,6,fd_daily_bas_dt,펀드데일리정보 기준일자,text,Y,N,,,2026-08-21 (원천에 기준일 컬럼 없음),organizer,원본 CSV 무변경 적재,itm_no PK; prfd_attr_cds는 원천에 집약된 속성 목록,live DB 검증 완료 (2026-08-24)
PostgreSQL/RDB,raw,fund_pub_master,펀드 원본 마스터,펀드 1건/행,data/csv/PRFD01N001_fund_pub_master_20260824.csv,23676,7,fd_estb_ctry_cd,펀드설립국가코드,text,Y,N,,,2026-08-21 (원천에 기준일 컬럼 없음),organizer,원본 CSV 무변경 적재,itm_no PK; prfd_attr_cds는 원천에 집약된 속성 목록,live DB 검증 완료 (2026-08-24)
PostgreSQL/RDB,raw,fund_pub_master,펀드 원본 마스터,펀드 1건/행,data/csv/PRFD01N001_fund_pub_master_20260824.csv,23676,8,fd_ivst_rgn_desc,투자지역,text,Y,N,,,2026-08-21 (원천에 기준일 컬럼 없음),organizer,원본 CSV 무변경 적재,itm_no PK; prfd_attr_cds는 원천에 집약된 속성 목록,live DB 검증 완료 (2026-08-24)
PostgreSQL/RDB,raw,fund_pub_master,펀드 원본 마스터,펀드 1건/행,data/csv/PRFD01N001_fund_pub_master_20260824.csv,23676,9,fd_last_dstb_actg_bss_dt,최근 분배 회계기초일자,text,Y,N,,,2026-08-21 (원천에 기준일 컬럼 없음),organizer,원본 CSV 무변경 적재,itm_no PK; prfd_attr_cds는 원천에 집약된 속성 목록,live DB 검증 완료 (2026-08-24)
PostgreSQL/RDB,raw,fund_pub_master,펀드 원본 마스터,펀드 1건/행,data/csv/PRFD01N001_fund_pub_master_20260824.csv,23676,10,fd_last_dstb_actg_eot_dt,최근 분배 회계기말일자,text,Y,N,,,2026-08-21 (원천에 기준일 컬럼 없음),organizer,원본 CSV 무변경 적재,itm_no PK; prfd_attr_cds는 원천에 집약된 속성 목록,live DB 검증 완료 (2026-08-24)
PostgreSQL/RDB,raw,fund_pub_master,펀드 원본 마스터,펀드 1건/행,data/csv/PRFD01N001_fund_pub_master_20260824.csv,23676,11,fd_last_dstb_r,최근 분배율,"numeric(20,12)",Y,N,,,2026-08-21 (원천에 기준일 컬럼 없음),organizer,원본 CSV 무변경 적재,itm_no PK; prfd_attr_cds는 원천에 집약된 속성 목록,live DB 검증 완료 (2026-08-24)
PostgreSQL/RDB,raw,fund_pub_master,펀드 원본 마스터,펀드 1건/행,data/csv/PRFD01N001_fund_pub_master_20260824.csv,23676,12,fd_mm18_ern_r,펀드 18개월수익률,"numeric(30,2)",Y,N,,,2026-08-21 (원천에 기준일 컬럼 없음),organizer,원본 CSV 무변경 적재,itm_no PK; prfd_attr_cds는 원천에 집약된 속성 목록,live DB 검증 완료 (2026-08-24)
PostgreSQL/RDB,raw,fund_pub_master,펀드 원본 마스터,펀드 1건/행,data/csv/PRFD01N001_fund_pub_master_20260824.csv,23676,13,fd_mm1_ern_r,1개월 수익률,"numeric(30,2)",Y,N,,%,2026-08-21 (원천에 기준일 컬럼 없음),organizer,원본 CSV 무변경 적재,itm_no PK; prfd_attr_cds는 원천에 집약된 속성 목록,live DB 검증 완료 (2026-08-24)
PostgreSQL/RDB,raw,fund_pub_master,펀드 원본 마스터,펀드 1건/행,data/csv/PRFD01N001_fund_pub_master_20260824.csv,23676,14,fd_mm3_ern_r,3개월 수익률,"numeric(30,2)",Y,N,,%,2026-08-21 (원천에 기준일 컬럼 없음),organizer,원본 CSV 무변경 적재,itm_no PK; prfd_attr_cds는 원천에 집약된 속성 목록,live DB 검증 완료 (2026-08-24)
PostgreSQL/RDB,raw,fund_pub_master,펀드 원본 마스터,펀드 1건/행,data/csv/PRFD01N001_fund_pub_master_20260824.csv,23676,15,fd_mm6_ern_r,6개월 수익률,"numeric(30,2)",Y,N,,%,2026-08-21 (원천에 기준일 컬럼 없음),organizer,원본 CSV 무변경 적재,itm_no PK; prfd_attr_cds는 원천에 집약된 속성 목록,live DB 검증 완료 (2026-08-24)
PostgreSQL/RDB,raw,fund_pub_master,펀드 원본 마스터,펀드 1건/행,data/csv/PRFD01N001_fund_pub_master_20260824.csv,23676,16,fd_nast_suma,순자산,"numeric(22,4)",Y,N,,KRW,2026-08-21 (원천에 기준일 컬럼 없음),organizer,원본 CSV 무변경 적재,itm_no PK; prfd_attr_cds는 원천에 집약된 속성 목록,live DB 검증 완료 (2026-08-24)
PostgreSQL/RDB,raw,fund_pub_master,펀드 원본 마스터,펀드 1건/행,data/csv/PRFD01N001_fund_pub_master_20260824.csv,23676,17,fd_price_bas_dt,펀드 기준가/수익률 기준일자,text,Y,N,,,2026-08-21 (원천에 기준일 컬럼 없음),organizer,원본 CSV 무변경 적재,itm_no PK; prfd_attr_cds는 원천에 집약된 속성 목록,live DB 검증 완료 (2026-08-24)
PostgreSQL/RDB,raw,fund_pub_master,펀드 원본 마스터,펀드 1건/행,data/csv/PRFD01N001_fund_pub_master_20260824.csv,23676,18,fd_prsv_r,보전율,"numeric(20,12)",Y,N,,,2026-08-21 (원천에 기준일 컬럼 없음),organizer,원본 CSV 무변경 적재,itm_no PK; prfd_attr_cds는 원천에 집약된 속성 목록,live DB 검증 완료 (2026-08-24)
PostgreSQL/RDB,raw,fund_pub_master,펀드 원본 마스터,펀드 1건/행,data/csv/PRFD01N001_fund_pub_master_20260824.csv,23676,19,fd_sbpr,시가평가금액,"numeric(30,12)",Y,N,,,2026-08-21 (원천에 기준일 컬럼 없음),organizer,원본 CSV 무변경 적재,itm_no PK; prfd_attr_cds는 원천에 집약된 속성 목록,live DB 검증 완료 (2026-08-24)
PostgreSQL/RDB,raw,fund_pub_master,펀드 원본 마스터,펀드 1건/행,data/csv/PRFD01N001_fund_pub_master_20260824.csv,23676,20,fd_set_pcd,펀드설정유형코드,text,Y,N,,,2026-08-21 (원천에 기준일 컬럼 없음),organizer,원본 CSV 무변경 적재,itm_no PK; prfd_attr_cds는 원천에 집약된 속성 목록,live DB 검증 완료 (2026-08-24)
PostgreSQL/RDB,raw,fund_pub_master,펀드 원본 마스터,펀드 1건/행,data/csv/PRFD01N001_fund_pub_master_20260824.csv,23676,21,fd_wk1_ern_r,펀드 1주일수익률,"numeric(30,2)",Y,N,,,2026-08-21 (원천에 기준일 컬럼 없음),organizer,원본 CSV 무변경 적재,itm_no PK; prfd_attr_cds는 원천에 집약된 속성 목록,live DB 검증 완료 (2026-08-24)
PostgreSQL/RDB,raw,fund_pub_master,펀드 원본 마스터,펀드 1건/행,data/csv/PRFD01N001_fund_pub_master_20260824.csv,23676,22,fd_yr1_ern_r,1년 수익률,"numeric(30,2)",Y,N,,%,2026-08-21 (원천에 기준일 컬럼 없음),organizer,원본 CSV 무변경 적재,itm_no PK; prfd_attr_cds는 원천에 집약된 속성 목록,live DB 검증 완료 (2026-08-24)
PostgreSQL/RDB,raw,fund_pub_master,펀드 원본 마스터,펀드 1건/행,data/csv/PRFD01N001_fund_pub_master_20260824.csv,23676,23,fd_yr2_ern_r,펀드 2년수익률,"numeric(30,2)",Y,N,,,2026-08-21 (원천에 기준일 컬럼 없음),organizer,원본 CSV 무변경 적재,itm_no PK; prfd_attr_cds는 원천에 집약된 속성 목록,live DB 검증 완료 (2026-08-24)
PostgreSQL/RDB,raw,fund_pub_master,펀드 원본 마스터,펀드 1건/행,data/csv/PRFD01N001_fund_pub_master_20260824.csv,23676,24,fd_yr3_ern_r,펀드 3년수익률,"numeric(30,2)",Y,N,,,2026-08-21 (원천에 기준일 컬럼 없음),organizer,원본 CSV 무변경 적재,itm_no PK; prfd_attr_cds는 원천에 집약된 속성 목록,live DB 검증 완료 (2026-08-24)
PostgreSQL/RDB,raw,fund_pub_master,펀드 원본 마스터,펀드 1건/행,data/csv/PRFD01N001_fund_pub_master_20260824.csv,23676,25,fd_yr5_ern_r,펀드 5년수익률,"numeric(30,2)",Y,N,,,2026-08-21 (원천에 기준일 컬럼 없음),organizer,원본 CSV 무변경 적재,itm_no PK; prfd_attr_cds는 원천에 집약된 속성 목록,live DB 검증 완료 (2026-08-24)
PostgreSQL/RDB,raw,fund_pub_master,펀드 원본 마스터,펀드 1건/행,data/csv/PRFD01N001_fund_pub_master_20260824.csv,23676,26,frc_bpr_itm_yn,외화기준가종목여부,text,Y,N,,,2026-08-21 (원천에 기준일 컬럼 없음),organizer,원본 CSV 무변경 적재,itm_no PK; prfd_attr_cds는 원천에 집약된 속성 목록,live DB 검증 완료 (2026-08-24)
PostgreSQL/RDB,raw,fund_pub_master,펀드 원본 마스터,펀드 1건/행,data/csv/PRFD01N001_fund_pub_master_20260824.csv,23676,27,fss_itm_no,금융감독원종목번호,text,Y,N,,,2026-08-21 (원천에 기준일 컬럼 없음),organizer,원본 CSV 무변경 적재,itm_no PK; prfd_attr_cds는 원천에 집약된 속성 목록,live DB 검증 완료 (2026-08-24)
PostgreSQL/RDB,raw,fund_pub_master,펀드 원본 마스터,펀드 1건/행,data/csv/PRFD01N001_fund_pub_master_20260824.csv,23676,28,han_clas_fee_type,클래스 수수료 부과 유형,text,Y,N,,,2026-08-21 (원천에 기준일 컬럼 없음),organizer,원본 CSV 무변경 적재,itm_no PK; prfd_attr_cds는 원천에 집약된 속성 목록,live DB 검증 완료 (2026-08-24)
PostgreSQL/RDB,raw,fund_pub_master,펀드 원본 마스터,펀드 1건/행,data/csv/PRFD01N001_fund_pub_master_20260824.csv,23676,29,han_clas_nm,클래스 한글 표기,text,Y,N,,,2026-08-21 (원천에 기준일 컬럼 없음),organizer,원본 CSV 무변경 적재,itm_no PK; prfd_attr_cds는 원천에 집약된 속성 목록,live DB 검증 완료 (2026-08-24)
PostgreSQL/RDB,raw,fund_pub_master,펀드 원본 마스터,펀드 1건/행,data/csv/PRFD01N001_fund_pub_master_20260824.csv,23676,30,han_clas_policies,클래스 부가 정책,text,Y,N,,,2026-08-21 (원천에 기준일 컬럼 없음),organizer,원본 CSV 무변경 적재,itm_no PK; prfd_attr_cds는 원천에 집약된 속성 목록,live DB 검증 완료 (2026-08-24)
PostgreSQL/RDB,raw,fund_pub_master,펀드 원본 마스터,펀드 1건/행,data/csv/PRFD01N001_fund_pub_master_20260824.csv,23676,31,han_clas_sales_channel,클래스 판매채널,text,Y,N,,,2026-08-21 (원천에 기준일 컬럼 없음),organizer,원본 CSV 무변경 적재,itm_no PK; prfd_attr_cds는 원천에 집약된 속성 목록,live DB 검증 완료 (2026-08-24)
PostgreSQL/RDB,raw,fund_pub_master,펀드 원본 마스터,펀드 1건/행,data/csv/PRFD01N001_fund_pub_master_20260824.csv,23676,32,hdge_fd_yn,헤지펀드여부,text,Y,N,,,2026-08-21 (원천에 기준일 컬럼 없음),organizer,원본 CSV 무변경 적재,itm_no PK; prfd_attr_cds는 원천에 집약된 속성 목록,live DB 검증 완료 (2026-08-24)
PostgreSQL/RDB,raw,fund_pub_master,펀드 원본 마스터,펀드 1건/행,data/csv/PRFD01N001_fund_pub_master_20260824.csv,23676,33,int_dvd_desc,이자배당구분코드 설명,text,Y,N,,,2026-08-21 (원천에 기준일 컬럼 없음),organizer,원본 CSV 무변경 적재,itm_no PK; prfd_attr_cds는 원천에 집약된 속성 목록,live DB 검증 완료 (2026-08-24)
PostgreSQL/RDB,raw,fund_pub_master,펀드 원본 마스터,펀드 1건/행,data/csv/PRFD01N001_fund_pub_master_20260824.csv,23676,34,itm_abrv_nm,상품약어명,text,Y,N,,,2026-08-21 (원천에 기준일 컬럼 없음),organizer,원본 CSV 무변경 적재,itm_no PK; prfd_attr_cds는 원천에 집약된 속성 목록,live DB 검증 완료 (2026-08-24)
PostgreSQL/RDB,raw,fund_pub_master,펀드 원본 마스터,펀드 1건/행,data/csv/PRFD01N001_fund_pub_master_20260824.csv,23676,35,itm_eabrv_nm,종목영문약어명,text,Y,N,,,2026-08-21 (원천에 기준일 컬럼 없음),organizer,원본 CSV 무변경 적재,itm_no PK; prfd_attr_cds는 원천에 집약된 속성 목록,live DB 검증 완료 (2026-08-24)
PostgreSQL/RDB,raw,fund_pub_master,펀드 원본 마스터,펀드 1건/행,data/csv/PRFD01N001_fund_pub_master_20260824.csv,23676,36,itm_eng_nm,종목영문명,text,Y,N,,,2026-08-21 (원천에 기준일 컬럼 없음),organizer,원본 CSV 무변경 적재,itm_no PK; prfd_attr_cds는 원천에 집약된 속성 목록,live DB 검증 완료 (2026-08-24)
PostgreSQL/RDB,raw,fund_pub_master,펀드 원본 마스터,펀드 1건/행,data/csv/PRFD01N001_fund_pub_master_20260824.csv,23676,37,itm_nm,상품명,text,Y,N,,,2026-08-21 (원천에 기준일 컬럼 없음),organizer,원본 CSV 무변경 적재,itm_no PK; prfd_attr_cds는 원천에 집약된 속성 목록,live DB 검증 완료 (2026-08-24)
PostgreSQL/RDB,raw,fund_pub_master,펀드 원본 마스터,펀드 1건/행,data/csv/PRFD01N001_fund_pub_master_20260824.csv,23676,38,itm_no,종목번호,text,N,Y,,,2026-08-21 (원천에 기준일 컬럼 없음),organizer,원본 CSV 무변경 적재,itm_no PK; prfd_attr_cds는 원천에 집약된 속성 목록,live DB 검증 완료 (2026-08-24)
PostgreSQL/RDB,raw,fund_pub_master,펀드 원본 마스터,펀드 1건/행,data/csv/PRFD01N001_fund_pub_master_20260824.csv,23676,39,kofia_fd_ccd,금융투자협회펀드분류코드,text,Y,N,,,2026-08-21 (원천에 기준일 컬럼 없음),organizer,원본 CSV 무변경 적재,itm_no PK; prfd_attr_cds는 원천에 집약된 속성 목록,live DB 검증 완료 (2026-08-24)
PostgreSQL/RDB,raw,fund_pub_master,펀드 원본 마스터,펀드 1건/행,data/csv/PRFD01N001_fund_pub_master_20260824.csv,23676,40,ksd_itm_no,예탁원종목번호,text,Y,N,,,2026-08-21 (원천에 기준일 컬럼 없음),organizer,원본 CSV 무변경 적재,itm_no PK; prfd_attr_cds는 원천에 집약된 속성 목록,live DB 검증 완료 (2026-08-24)
PostgreSQL/RDB,raw,fund_pub_master,펀드 원본 마스터,펀드 1건/행,data/csv/PRFD01N001_fund_pub_master_20260824.csv,23676,41,mtco_itm_no,운용사 종목번호,text,Y,N,,,2026-08-21 (원천에 기준일 컬럼 없음),organizer,원본 CSV 무변경 적재,itm_no PK; prfd_attr_cds는 원천에 집약된 속성 목록,live DB 검증 완료 (2026-08-24)
PostgreSQL/RDB,raw,fund_pub_master,펀드 원본 마스터,펀드 1건/행,data/csv/PRFD01N001_fund_pub_master_20260824.csv,23676,42,ofsfd_yn,역외펀드여부,text,Y,N,,,2026-08-21 (원천에 기준일 컬럼 없음),organizer,원본 CSV 무변경 적재,itm_no PK; prfd_attr_cds는 원천에 집약된 속성 목록,live DB 검증 완료 (2026-08-24)
PostgreSQL/RDB,raw,fund_pub_master,펀드 원본 마스터,펀드 1건/행,data/csv/PRFD01N001_fund_pub_master_20260824.csv,23676,43,ofwk_trus_rwrd_r,일반사무관리보수,"numeric(20,12)",Y,N,,,2026-08-21 (원천에 기준일 컬럼 없음),organizer,원본 CSV 무변경 적재,itm_no PK; prfd_attr_cds는 원천에 집약된 속성 목록,live DB 검증 완료 (2026-08-24)
PostgreSQL/RDB,raw,fund_pub_master,펀드 원본 마스터,펀드 1건/행,data/csv/PRFD01N001_fund_pub_master_20260824.csv,23676,44,or_attr_desc,펀드 유형,text,Y,N,,,2026-08-21 (원천에 기준일 컬럼 없음),organizer,원본 CSV 무변경 적재,itm_no PK; prfd_attr_cds는 원천에 집약된 속성 목록,live DB 검증 완료 (2026-08-24)
PostgreSQL/RDB,raw,fund_pub_master,펀드 원본 마스터,펀드 1건/행,data/csv/PRFD01N001_fund_pub_master_20260824.csv,23676,45,or_co_rwrd_r,집합투자업자보수,"numeric(20,12)",Y,N,,,2026-08-21 (원천에 기준일 컬럼 없음),organizer,원본 CSV 무변경 적재,itm_no PK; prfd_attr_cds는 원천에 집약된 속성 목록,live DB 검증 완료 (2026-08-24)
PostgreSQL/RDB,raw,fund_pub_master,펀드 원본 마스터,펀드 1건/행,data/csv/PRFD01N001_fund_pub_master_20260824.csv,23676,46,or_co_xtn_itt_cd,운용회사대외기관코드,text,Y,N,,,2026-08-21 (원천에 기준일 컬럼 없음),organizer,원본 CSV 무변경 적재,itm_no PK; prfd_attr_cds는 원천에 집약된 속성 목록,live DB 검증 완료 (2026-08-24)
PostgreSQL/RDB,raw,fund_pub_master,펀드 원본 마스터,펀드 1건/행,data/csv/PRFD01N001_fund_pub_master_20260824.csv,23676,47,ovrs_fd_desc,해외펀드구분코드 설명,text,Y,N,,,2026-08-21 (원천에 기준일 컬럼 없음),organizer,원본 CSV 무변경 적재,itm_no PK; prfd_attr_cds는 원천에 집약된 속성 목록,live DB 검증 완료 (2026-08-24)
PostgreSQL/RDB,raw,fund_pub_master,펀드 원본 마스터,펀드 1건/행,data/csv/PRFD01N001_fund_pub_master_20260824.csv,23676,48,pers_corp_desc,개인·법인 구분,text,Y,N,,,2026-08-21 (원천에 기준일 컬럼 없음),organizer,원본 CSV 무변경 적재,itm_no PK; prfd_attr_cds는 원천에 집약된 속성 목록,live DB 검증 완료 (2026-08-24)
PostgreSQL/RDB,raw,fund_pub_master,펀드 원본 마스터,펀드 1건/행,data/csv/PRFD01N001_fund_pub_master_20260824.csv,23676,49,pfiv_sale_cntl_tcd,전문투자자판매제어구분코드,text,Y,N,,,2026-08-21 (원천에 기준일 컬럼 없음),organizer,원본 CSV 무변경 적재,itm_no PK; prfd_attr_cds는 원천에 집약된 속성 목록,live DB 검증 완료 (2026-08-24)
PostgreSQL/RDB,raw,fund_pub_master,펀드 원본 마스터,펀드 1건/행,data/csv/PRFD01N001_fund_pub_master_20260824.csv,23676,50,prfd_attr_cds,펀드별속성코드 목록(쉼표 구분),text,Y,N,,,2026-08-21 (원천에 기준일 컬럼 없음),organizer,원본 CSV 무변경 적재,itm_no PK; prfd_attr_cds는 원천에 집약된 속성 목록,live DB 검증 완료 (2026-08-24)
PostgreSQL/RDB,raw,fund_pub_master,펀드 원본 마스터,펀드 1건/행,data/csv/PRFD01N001_fund_pub_master_20260824.csv,23676,51,prfd_attr_cnt,펀드별속성 개수,text,Y,N,,,2026-08-21 (원천에 기준일 컬럼 없음),organizer,원본 CSV 무변경 적재,itm_no PK; prfd_attr_cds는 원천에 집약된 속성 목록,live DB 검증 완료 (2026-08-24)
PostgreSQL/RDB,raw,fund_pub_master,펀드 원본 마스터,펀드 1건/행,data/csv/PRFD01N001_fund_pub_master_20260824.csv,23676,52,prfd_attr_search_text,상품검색용 속성 코드/명칭,text,Y,N,,,2026-08-21 (원천에 기준일 컬럼 없음),organizer,원본 CSV 무변경 적재,itm_no PK; prfd_attr_cds는 원천에 집약된 속성 목록,live DB 검증 완료 (2026-08-24)
PostgreSQL/RDB,raw,fund_pub_master,펀드 원본 마스터,펀드 1건/행,data/csv/PRFD01N001_fund_pub_master_20260824.csv,23676,53,prvo_fd_desc,사모펀드구분코드 설명,text,Y,N,,,2026-08-21 (원천에 기준일 컬럼 없음),organizer,원본 CSV 무변경 적재,itm_no PK; prfd_attr_cds는 원천에 집약된 속성 목록,live DB 검증 완료 (2026-08-24)
PostgreSQL/RDB,raw,fund_pub_master,펀드 원본 마스터,펀드 1건/행,data/csv/PRFD01N001_fund_pub_master_20260824.csv,23676,54,prvo_pbff_desc,사모/공모구분코드 설명,text,Y,N,,,2026-08-21 (원천에 기준일 컬럼 없음),organizer,원본 CSV 무변경 적재,itm_no PK; prfd_attr_cds는 원천에 집약된 속성 목록,live DB 검증 완료 (2026-08-24)
PostgreSQL/RDB,raw,fund_pub_master,펀드 원본 마스터,펀드 1건/행,data/csv/PRFD01N001_fund_pub_master_20260824.csv,23676,55,rptt_ksd_itm_no,대표종목번호,text,Y,N,,,2026-08-21 (원천에 기준일 컬럼 없음),organizer,원본 CSV 무변경 적재,itm_no PK; prfd_attr_cds는 원천에 집약된 속성 목록,live DB 검증 완료 (2026-08-24)
PostgreSQL/RDB,raw,fund_pub_master,펀드 원본 마스터,펀드 1건/행,data/csv/PRFD01N001_fund_pub_master_20260824.csv,23676,56,sale_co_rwrd_r,판매회사보수,"numeric(20,12)",Y,N,,,2026-08-21 (원천에 기준일 컬럼 없음),organizer,원본 CSV 무변경 적재,itm_no PK; prfd_attr_cds는 원천에 집약된 속성 목록,live DB 검증 완료 (2026-08-24)
PostgreSQL/RDB,raw,fund_pub_master,펀드 원본 마스터,펀드 1건/행,data/csv/PRFD01N001_fund_pub_master_20260824.csv,23676,57,sale_yn,판매 여부,text,Y,N,,,2026-08-21 (원천에 기준일 컬럼 없음),organizer,원본 CSV 무변경 적재,itm_no PK; prfd_attr_cds는 원천에 집약된 속성 목록,live DB 검증 완료 (2026-08-24)
PostgreSQL/RDB,raw,fund_pub_master,펀드 원본 마스터,펀드 1건/행,data/csv/PRFD01N001_fund_pub_master_20260824.csv,23676,58,std_itm_no,표준종목번호,text,Y,N,,,2026-08-21 (원천에 기준일 컬럼 없음),organizer,원본 CSV 무변경 적재,itm_no PK; prfd_attr_cds는 원천에 집약된 속성 목록,live DB 검증 완료 (2026-08-24)
PostgreSQL/RDB,raw,fund_pub_master,펀드 원본 마스터,펀드 1건/행,data/csv/PRFD01N001_fund_pub_master_20260824.csv,23676,59,thco_sale_yn,당사판매여부,text,Y,N,,,2026-08-21 (원천에 기준일 컬럼 없음),organizer,원본 CSV 무변경 적재,itm_no PK; prfd_attr_cds는 원천에 집약된 속성 목록,live DB 검증 완료 (2026-08-24)
PostgreSQL/RDB,raw,fund_pub_master,펀드 원본 마스터,펀드 1건/행,data/csv/PRFD01N001_fund_pub_master_20260824.csv,23676,60,trusc_rwrd_r,신탁업자보수,"numeric(20,12)",Y,N,,,2026-08-21 (원천에 기준일 컬럼 없음),organizer,원본 CSV 무변경 적재,itm_no PK; prfd_attr_cds는 원천에 집약된 속성 목록,live DB 검증 완료 (2026-08-24)
PostgreSQL/RDB,raw,fund_pub_master,펀드 원본 마스터,펀드 1건/행,data/csv/PRFD01N001_fund_pub_master_20260824.csv,23676,61,trusc_xtn_itt_cd,수탁회사대외기관코드,text,Y,N,,,2026-08-21 (원천에 기준일 컬럼 없음),organizer,원본 CSV 무변경 적재,itm_no PK; prfd_attr_cds는 원천에 집약된 속성 목록,live DB 검증 완료 (2026-08-24)
PostgreSQL/RDB,raw,fund_pub_master,펀드 원본 마스터,펀드 1건/행,data/csv/PRFD01N001_fund_pub_master_20260824.csv,23676,62,zrin_attr_nms,제로인속성명 목록(쉼표 구분),text,Y,N,,,2026-08-21 (원천에 기준일 컬럼 없음),organizer,원본 CSV 무변경 적재,itm_no PK; prfd_attr_cds는 원천에 집약된 속성 목록,live DB 검증 완료 (2026-08-24)
PostgreSQL/RDB,raw,fund_pub_master,펀드 원본 마스터,펀드 1건/행,data/csv/PRFD01N001_fund_pub_master_20260824.csv,23676,63,zrin_btyp_cd,제로인대유형코드,text,Y,N,,,2026-08-21 (원천에 기준일 컬럼 없음),organizer,원본 CSV 무변경 적재,itm_no PK; prfd_attr_cds는 원천에 집약된 속성 목록,live DB 검증 완료 (2026-08-24)
PostgreSQL/RDB,raw,fund_pub_master,펀드 원본 마스터,펀드 1건/행,data/csv/PRFD01N001_fund_pub_master_20260824.csv,23676,64,zrin_btyp_nm,제로인대유형명,text,Y,N,,,2026-08-21 (원천에 기준일 컬럼 없음),organizer,원본 CSV 무변경 적재,itm_no PK; prfd_attr_cds는 원천에 집약된 속성 목록,live DB 검증 완료 (2026-08-24)
PostgreSQL/RDB,raw,fund_pub_master,펀드 원본 마스터,펀드 1건/행,data/csv/PRFD01N001_fund_pub_master_20260824.csv,23676,65,zrin_dmst_bd_cmst_rt,제로인국내채권구성비율,"numeric(26,12)",Y,N,,,2026-08-21 (원천에 기준일 컬럼 없음),organizer,원본 CSV 무변경 적재,itm_no PK; prfd_attr_cds는 원천에 집약된 속성 목록,live DB 검증 완료 (2026-08-24)
PostgreSQL/RDB,raw,fund_pub_master,펀드 원본 마스터,펀드 1건/행,data/csv/PRFD01N001_fund_pub_master_20260824.csv,23676,66,zrin_dmst_stk_cmst_rt,제로인국내주식구성비율,"numeric(26,12)",Y,N,,,2026-08-21 (원천에 기준일 컬럼 없음),organizer,원본 CSV 무변경 적재,itm_no PK; prfd_attr_cds는 원천에 집약된 속성 목록,live DB 검증 완료 (2026-08-24)
PostgreSQL/RDB,raw,fund_pub_master,펀드 원본 마스터,펀드 1건/행,data/csv/PRFD01N001_fund_pub_master_20260824.csv,23676,67,zrin_etc_ast_cmst_rt,제로인기타자산구성비율,"numeric(26,12)",Y,N,,,2026-08-21 (원천에 기준일 컬럼 없음),organizer,원본 CSV 무변경 적재,itm_no PK; prfd_attr_cds는 원천에 집약된 속성 목록,live DB 검증 완료 (2026-08-24)
PostgreSQL/RDB,raw,fund_pub_master,펀드 원본 마스터,펀드 1건/행,data/csv/PRFD01N001_fund_pub_master_20260824.csv,23676,68,zrin_fd_cmst_rt,제로인펀드구성비율,"numeric(26,12)",Y,N,,,2026-08-21 (원천에 기준일 컬럼 없음),organizer,원본 CSV 무변경 적재,itm_no PK; prfd_attr_cds는 원천에 집약된 속성 목록,live DB 검증 완료 (2026-08-24)
PostgreSQL/RDB,raw,fund_pub_master,펀드 원본 마스터,펀드 1건/행,data/csv/PRFD01N001_fund_pub_master_20260824.csv,23676,69,zrin_fd_ivst_risk_gcd,제로인펀드투자위험등급코드,text,Y,N,,,2026-08-21 (원천에 기준일 컬럼 없음),organizer,원본 CSV 무변경 적재,itm_no PK; prfd_attr_cds는 원천에 집약된 속성 목록,live DB 검증 완료 (2026-08-24)
PostgreSQL/RDB,raw,fund_pub_master,펀드 원본 마스터,펀드 1건/행,data/csv/PRFD01N001_fund_pub_master_20260824.csv,23676,70,zrin_fd_ivst_risk_grd_nm,위험등급,text,Y,N,,,2026-08-21 (원천에 기준일 컬럼 없음),organizer,원본 CSV 무변경 적재,itm_no PK; prfd_attr_cds는 원천에 집약된 속성 목록,live DB 검증 완료 (2026-08-24)
PostgreSQL/RDB,raw,fund_pub_master,펀드 원본 마스터,펀드 1건/행,data/csv/PRFD01N001_fund_pub_master_20260824.csv,23676,71,zrin_liqt_cmst_rt,제로인유동성구성비율,"numeric(26,12)",Y,N,,,2026-08-21 (원천에 기준일 컬럼 없음),organizer,원본 CSV 무변경 적재,itm_no PK; prfd_attr_cds는 원천에 집약된 속성 목록,live DB 검증 완료 (2026-08-24)
PostgreSQL/RDB,raw,fund_pub_master,펀드 원본 마스터,펀드 1건/행,data/csv/PRFD01N001_fund_pub_master_20260824.csv,23676,72,zrin_ovrs_bd_cmst_rt,제로인해외채권구성비율,"numeric(26,12)",Y,N,,,2026-08-21 (원천에 기준일 컬럼 없음),organizer,원본 CSV 무변경 적재,itm_no PK; prfd_attr_cds는 원천에 집약된 속성 목록,live DB 검증 완료 (2026-08-24)
PostgreSQL/RDB,raw,fund_pub_master,펀드 원본 마스터,펀드 1건/행,data/csv/PRFD01N001_fund_pub_master_20260824.csv,23676,73,zrin_ovrs_stk_cmst_rt,제로인해외주식구성비율,"numeric(26,12)",Y,N,,,2026-08-21 (원천에 기준일 컬럼 없음),organizer,원본 CSV 무변경 적재,itm_no PK; prfd_attr_cds는 원천에 집약된 속성 목록,live DB 검증 완료 (2026-08-24)
PostgreSQL/RDB,raw,fund_pub_master,펀드 원본 마스터,펀드 1건/행,data/csv/PRFD01N001_fund_pub_master_20260824.csv,23676,74,zrin_pcd,제로인유형코드,text,Y,N,,,2026-08-21 (원천에 기준일 컬럼 없음),organizer,원본 CSV 무변경 적재,itm_no PK; prfd_attr_cds는 원천에 집약된 속성 목록,live DB 검증 완료 (2026-08-24)
PostgreSQL/RDB,raw,fund_pub_master,펀드 원본 마스터,펀드 1건/행,data/csv/PRFD01N001_fund_pub_master_20260824.csv,23676,75,zrin_ptn_nm,제로인유형명,text,Y,N,,,2026-08-21 (원천에 기준일 컬럼 없음),organizer,원본 CSV 무변경 적재,itm_no PK; prfd_attr_cds는 원천에 집약된 속성 목록,live DB 검증 완료 (2026-08-24)
PostgreSQL/RDB,enriched,bond_kr_enriched,채권 등급·잔존만기·만기미도래 파생,채권 거래·정보차수 1건/행,data/enriched/bond_kr_enriched.csv,21882,1,pd_no,상품번호/채권종목번호,text,N,Y,raw.bond_kr_master.pd_no/pd_exg_mkt/info_seq,,2026-08-21 (잔존만기 재계산),derived_from_organizer,채권 원본에서 결정적으로 파생,"PK/FK=(pd_no,pd_exg_mkt,info_seq); 등급 rank 1~19",live DB 검증 완료 (2026-08-24)
PostgreSQL/RDB,enriched,bond_kr_enriched,채권 등급·잔존만기·만기미도래 파생,채권 거래·정보차수 1건/행,data/enriched/bond_kr_enriched.csv,21882,2,pd_exg_mkt,거래구분,text,N,Y,raw.bond_kr_master.pd_no/pd_exg_mkt/info_seq,,2026-08-21 (잔존만기 재계산),derived_from_organizer,채권 원본에서 결정적으로 파생,"PK/FK=(pd_no,pd_exg_mkt,info_seq); 등급 rank 1~19",live DB 검증 완료 (2026-08-24)
PostgreSQL/RDB,enriched,bond_kr_enriched,채권 등급·잔존만기·만기미도래 파생,채권 거래·정보차수 1건/행,data/enriched/bond_kr_enriched.csv,21882,3,info_seq,동일 종목/시장/기준일 내 판매 LOT 구분 순번,bigint,N,Y,raw.bond_kr_master.pd_no/pd_exg_mkt/info_seq,,2026-08-21 (잔존만기 재계산),derived_from_organizer,채권 원본에서 결정적으로 파생,"PK/FK=(pd_no,pd_exg_mkt,info_seq); 등급 rank 1~19",live DB 검증 완료 (2026-08-24)
PostgreSQL/RDB,enriched,bond_kr_enriched,채권 등급·잔존만기·만기미도래 파생,채권 거래·정보차수 1건/행,data/enriched/bond_kr_enriched.csv,21882,4,crd_grd_norm,온톨로지 신용등급,text,Y,N,,,2026-08-21 (잔존만기 재계산),derived_from_organizer,채권 원본에서 결정적으로 파생,"PK/FK=(pd_no,pd_exg_mkt,info_seq); 등급 rank 1~19",live DB 검증 완료 (2026-08-24)
PostgreSQL/RDB,enriched,bond_kr_enriched,채권 등급·잔존만기·만기미도래 파생,채권 거래·정보차수 1건/행,data/enriched/bond_kr_enriched.csv,21882,5,crd_grd_rank,신용등급 서열,integer,Y,N,,rank,2026-08-21 (잔존만기 재계산),derived_from_organizer,채권 원본에서 결정적으로 파생,"PK/FK=(pd_no,pd_exg_mkt,info_seq); 등급 rank 1~19",live DB 검증 완료 (2026-08-24)
PostgreSQL/RDB,enriched,bond_kr_enriched,채권 등급·잔존만기·만기미도래 파생,채권 거래·정보차수 1건/행,data/enriched/bond_kr_enriched.csv,21882,6,crd_grd_source,확인할 수 없음,text,Y,N,,,2026-08-21 (잔존만기 재계산),derived_from_organizer,채권 원본에서 결정적으로 파생,"PK/FK=(pd_no,pd_exg_mkt,info_seq); 등급 rank 1~19",live DB 검증 완료 (2026-08-24)
PostgreSQL/RDB,enriched,bond_kr_enriched,채권 등급·잔존만기·만기미도래 파생,채권 거래·정보차수 1건/행,data/enriched/bond_kr_enriched.csv,21882,7,remaining_days,잔존일수,integer,Y,N,,day,2026-08-21 (잔존만기 재계산),derived_from_organizer,채권 원본에서 결정적으로 파생,"PK/FK=(pd_no,pd_exg_mkt,info_seq); 등급 rank 1~19",live DB 검증 완료 (2026-08-24)
PostgreSQL/RDB,enriched,bond_kr_enriched,채권 등급·잔존만기·만기미도래 파생,채권 거래·정보차수 1건/행,data/enriched/bond_kr_enriched.csv,21882,8,maturity_bucket,만기구분,text,Y,N,,,2026-08-21 (잔존만기 재계산),derived_from_organizer,채권 원본에서 결정적으로 파생,"PK/FK=(pd_no,pd_exg_mkt,info_seq); 등급 rank 1~19",live DB 검증 완료 (2026-08-24)
PostgreSQL/RDB,enriched,bond_kr_enriched,채권 등급·잔존만기·만기미도래 파생,채권 거래·정보차수 1건/행,data/enriched/bond_kr_enriched.csv,21882,9,is_krw,확인할 수 없음,boolean,Y,N,,,2026-08-21 (잔존만기 재계산),derived_from_organizer,채권 원본에서 결정적으로 파생,"PK/FK=(pd_no,pd_exg_mkt,info_seq); 등급 rank 1~19",live DB 검증 완료 (2026-08-24)
PostgreSQL/RDB,enriched,bond_kr_enriched,채권 등급·잔존만기·만기미도래 파생,채권 거래·정보차수 1건/행,data/enriched/bond_kr_enriched.csv,21882,10,has_sale_info,확인할 수 없음,boolean,Y,N,,,2026-08-21 (잔존만기 재계산),derived_from_organizer,채권 원본에서 결정적으로 파생,"PK/FK=(pd_no,pd_exg_mkt,info_seq); 등급 rank 1~19",live DB 검증 완료 (2026-08-24)
PostgreSQL/RDB,enriched,bond_kr_enriched,채권 등급·잔존만기·만기미도래 파생,채권 거래·정보차수 1건/행,data/enriched/bond_kr_enriched.csv,21882,11,is_sellable,확인할 수 없음,boolean,Y,N,,,2026-08-21 (잔존만기 재계산),derived_from_organizer,채권 원본에서 결정적으로 파생,"PK/FK=(pd_no,pd_exg_mkt,info_seq); 등급 rank 1~19",live DB 검증 완료 (2026-08-24)
PostgreSQL/RDB,enriched,bond_kr_enriched,채권 등급·잔존만기·만기미도래 파생,채권 거래·정보차수 1건/행,data/enriched/bond_kr_enriched.csv,21882,12,source,확인할 수 없음,text,Y,N,,,2026-08-21 (잔존만기 재계산),derived_from_organizer,채권 원본에서 결정적으로 파생,"PK/FK=(pd_no,pd_exg_mkt,info_seq); 등급 rank 1~19",live DB 검증 완료 (2026-08-24)
PostgreSQL/RDB,enriched,etf_kr_enriched,국내 ETF·ETN LSEG 스칼라 보강,상품 1건/행,data/enriched/etf_kr_enriched.csv,1779,1,pd_itm_no,상품번호,text,N,Y,raw.etf_kr_master.pd_itm_no,,LSEG 수집시점 미확인,organizer_then_external,"주최측 실값 우선, 결측·0.0 더미만 LSEG 보완",pd_itm_no='KR' 1행 제외; charge_rt_source 필수,live DB 검증 완료 (2026-08-24)
PostgreSQL/RDB,enriched,etf_kr_enriched,국내 ETF·ETN LSEG 스칼라 보강,상품 1건/행,data/enriched/etf_kr_enriched.csv,1779,2,pd_itm_no_ma,상품번호_미래에셋,text,Y,N,,,LSEG 수집시점 미확인,organizer_then_external,"주최측 실값 우선, 결측·0.0 더미만 LSEG 보완",pd_itm_no='KR' 1행 제외; charge_rt_source 필수,live DB 검증 완료 (2026-08-24)
PostgreSQL/RDB,enriched,etf_kr_enriched,국내 ETF·ETN LSEG 스칼라 보강,상품 1건/행,data/enriched/etf_kr_enriched.csv,1779,3,pd_grp_no,상품군종류,text,Y,N,,,LSEG 수집시점 미확인,organizer_then_external,"주최측 실값 우선, 결측·0.0 더미만 LSEG 보완",pd_itm_no='KR' 1행 제외; charge_rt_source 필수,live DB 검증 완료 (2026-08-24)
PostgreSQL/RDB,enriched,etf_kr_enriched,국내 ETF·ETN LSEG 스칼라 보강,상품 1건/행,data/enriched/etf_kr_enriched.csv,1779,4,pd_abrv_nm,상품약어명,text,Y,N,,,LSEG 수집시점 미확인,organizer_then_external,"주최측 실값 우선, 결측·0.0 더미만 LSEG 보완",pd_itm_no='KR' 1행 제외; charge_rt_source 필수,live DB 검증 완료 (2026-08-24)
PostgreSQL/RDB,enriched,etf_kr_enriched,국내 ETF·ETN LSEG 스칼라 보강,상품 1건/행,data/enriched/etf_kr_enriched.csv,1779,5,lseg_key,확인할 수 없음,text,Y,N,,,LSEG 수집시점 미확인,organizer_then_external,"주최측 실값 우선, 결측·0.0 더미만 LSEG 보완",pd_itm_no='KR' 1행 제외; charge_rt_source 필수,live DB 검증 완료 (2026-08-24)
PostgreSQL/RDB,enriched,etf_kr_enriched,국내 ETF·ETN LSEG 스칼라 보강,상품 1건/행,data/enriched/etf_kr_enriched.csv,1779,6,ter,확인할 수 없음,numeric,Y,N,,,LSEG 수집시점 미확인,organizer_then_external,"주최측 실값 우선, 결측·0.0 더미만 LSEG 보완",pd_itm_no='KR' 1행 제외; charge_rt_source 필수,live DB 검증 완료 (2026-08-24)
PostgreSQL/RDB,enriched,etf_kr_enriched,국내 ETF·ETN LSEG 스칼라 보강,상품 1건/행,data/enriched/etf_kr_enriched.csv,1779,7,replication,복제방식,text,Y,N,,,LSEG 수집시점 미확인,organizer_then_external,"주최측 실값 우선, 결측·0.0 더미만 LSEG 보완",pd_itm_no='KR' 1행 제외; charge_rt_source 필수,live DB 검증 완료 (2026-08-24)
PostgreSQL/RDB,enriched,etf_kr_enriched,국내 ETF·ETN LSEG 스칼라 보강,상품 1건/행,data/enriched/etf_kr_enriched.csv,1779,8,base_market,확인할 수 없음,text,Y,N,,,LSEG 수집시점 미확인,organizer_then_external,"주최측 실값 우선, 결측·0.0 더미만 LSEG 보완",pd_itm_no='KR' 1행 제외; charge_rt_source 필수,live DB 검증 완료 (2026-08-24)
PostgreSQL/RDB,enriched,etf_kr_enriched,국내 ETF·ETN LSEG 스칼라 보강,상품 1건/행,data/enriched/etf_kr_enriched.csv,1779,9,base_asset,확인할 수 없음,text,Y,N,,,LSEG 수집시점 미확인,organizer_then_external,"주최측 실값 우선, 결측·0.0 더미만 LSEG 보완",pd_itm_no='KR' 1행 제외; charge_rt_source 필수,live DB 검증 완료 (2026-08-24)
PostgreSQL/RDB,enriched,etf_kr_enriched,국내 ETF·ETN LSEG 스칼라 보강,상품 1건/행,data/enriched/etf_kr_enriched.csv,1779,10,hedge_type,확인할 수 없음,text,Y,N,,,LSEG 수집시점 미확인,organizer_then_external,"주최측 실값 우선, 결측·0.0 더미만 LSEG 보완",pd_itm_no='KR' 1행 제외; charge_rt_source 필수,live DB 검증 완료 (2026-08-24)
PostgreSQL/RDB,enriched,etf_kr_enriched,국내 ETF·ETN LSEG 스칼라 보강,상품 1건/행,data/enriched/etf_kr_enriched.csv,1779,11,charge_rt_final,총보수,numeric,Y,N,,%,LSEG 수집시점 미확인,organizer_then_external,"주최측 실값 우선, 결측·0.0 더미만 LSEG 보완",pd_itm_no='KR' 1행 제외; charge_rt_source 필수,live DB 검증 완료 (2026-08-24)
PostgreSQL/RDB,enriched,etf_kr_enriched,국내 ETF·ETN LSEG 스칼라 보강,상품 1건/행,data/enriched/etf_kr_enriched.csv,1779,12,charge_rt_source,총보수 출처,text,Y,N,,,LSEG 수집시점 미확인,organizer_then_external,"주최측 실값 우선, 결측·0.0 더미만 LSEG 보완",pd_itm_no='KR' 1행 제외; charge_rt_source 필수,live DB 검증 완료 (2026-08-24)
PostgreSQL/RDB,enriched,company_master,DART 기업 고유번호 마스터,기업 1건/행,data/enriched/company_master.csv,118709,1,corp_code,확인할 수 없음,text,N,Y,,,2026-08-24 이하,external,DART corpCode와 KIND에서 생성,corp_code PK; 법인명 정규화 규칙 고정,live DB 검증 완료 (2026-08-24)
PostgreSQL/RDB,enriched,company_master,DART 기업 고유번호 마스터,기업 1건/행,data/enriched/company_master.csv,118709,2,corp_name,확인할 수 없음,text,Y,N,,,2026-08-24 이하,external,DART corpCode와 KIND에서 생성,corp_code PK; 법인명 정규화 규칙 고정,live DB 검증 완료 (2026-08-24)
PostgreSQL/RDB,enriched,company_master,DART 기업 고유번호 마스터,기업 1건/행,data/enriched/company_master.csv,118709,3,corp_name_norm,확인할 수 없음,text,Y,N,,,2026-08-24 이하,external,DART corpCode와 KIND에서 생성,corp_code PK; 법인명 정규화 규칙 고정,live DB 검증 완료 (2026-08-24)
PostgreSQL/RDB,enriched,company_master,DART 기업 고유번호 마스터,기업 1건/행,data/enriched/company_master.csv,118709,4,stock_code,확인할 수 없음,text,Y,N,,,2026-08-24 이하,external,DART corpCode와 KIND에서 생성,corp_code PK; 법인명 정규화 규칙 고정,live DB 검증 완료 (2026-08-24)
PostgreSQL/RDB,enriched,company_master,DART 기업 고유번호 마스터,기업 1건/행,data/enriched/company_master.csv,118709,5,source,확인할 수 없음,text,Y,N,,,2026-08-24 이하,external,DART corpCode와 KIND에서 생성,corp_code PK; 법인명 정규화 규칙 고정,live DB 검증 완료 (2026-08-24)
PostgreSQL/RDB,enriched,holding_code_map,편입종목 식별자 해소표,원본 편입코드 1건/행,data/enriched/holding_code_map.csv,1393,1,holding_code_raw,확인할 수 없음,text,N,Y,,,2026-07-10,derived,정확히 확정 가능한 ticker·ETF·우선주만 매핑,미해소는 공란 유지; match_rule 보존,live DB 검증 완료 (2026-08-24)
PostgreSQL/RDB,enriched,holding_code_map,편입종목 식별자 해소표,원본 편입코드 1건/행,data/enriched/holding_code_map.csv,1393,2,holding_name,확인할 수 없음,text,Y,N,,,2026-07-10,derived,정확히 확정 가능한 ticker·ETF·우선주만 매핑,미해소는 공란 유지; match_rule 보존,live DB 검증 완료 (2026-08-24)
PostgreSQL/RDB,enriched,holding_code_map,편입종목 식별자 해소표,원본 편입코드 1건/행,data/enriched/holding_code_map.csv,1393,3,sec_type,확인할 수 없음,text,Y,N,,,2026-07-10,derived,정확히 확정 가능한 ticker·ETF·우선주만 매핑,미해소는 공란 유지; match_rule 보존,live DB 검증 완료 (2026-08-24)
PostgreSQL/RDB,enriched,holding_code_map,편입종목 식별자 해소표,원본 편입코드 1건/행,data/enriched/holding_code_map.csv,1393,4,corp_code,확인할 수 없음,text,Y,N,enriched.company_master.corp_code,,2026-07-10,derived,정확히 확정 가능한 ticker·ETF·우선주만 매핑,미해소는 공란 유지; match_rule 보존,live DB 검증 완료 (2026-08-24)
PostgreSQL/RDB,enriched,holding_code_map,편입종목 식별자 해소표,원본 편입코드 1건/행,data/enriched/holding_code_map.csv,1393,5,common_ticker,확인할 수 없음,text,Y,N,,,2026-07-10,derived,정확히 확정 가능한 ticker·ETF·우선주만 매핑,미해소는 공란 유지; match_rule 보존,live DB 검증 완료 (2026-08-24)
PostgreSQL/RDB,enriched,holding_code_map,편입종목 식별자 해소표,원본 편입코드 1건/행,data/enriched/holding_code_map.csv,1393,6,etf_isin,확인할 수 없음,text,Y,N,raw.etf_kr_master.pd_itm_no,,2026-07-10,derived,정확히 확정 가능한 ticker·ETF·우선주만 매핑,미해소는 공란 유지; match_rule 보존,live DB 검증 완료 (2026-08-24)
PostgreSQL/RDB,enriched,holding_code_map,편입종목 식별자 해소표,원본 편입코드 1건/행,data/enriched/holding_code_map.csv,1393,7,match_rule,확인할 수 없음,text,Y,N,,,2026-07-10,derived,정확히 확정 가능한 ticker·ETF·우선주만 매핑,미해소는 공란 유지; match_rule 보존,live DB 검증 완료 (2026-08-24)
PostgreSQL/RDB,enriched,holding_code_map,편입종목 식별자 해소표,원본 편입코드 1건/행,data/enriched/holding_code_map.csv,1393,8,source,확인할 수 없음,text,Y,N,,,2026-07-10,derived,정확히 확정 가능한 ticker·ETF·우선주만 매핑,미해소는 공란 유지; match_rule 보존,live DB 검증 완료 (2026-08-24)
PostgreSQL/RDB,relations,etf_theme,국내 ETF-테마 관계,ETF-테마 1건/행,data/relations/etf_theme.csv,5646,1,pd_itm_no,확인할 수 없음,text,N,Y,raw.etf_kr_master.pd_itm_no,,확인할 수 없음,external,LSEG themes를 롱포맷 변환,as_of 추정 금지,live DB 검증 완료 (2026-08-24)
PostgreSQL/RDB,relations,etf_theme,국내 ETF-테마 관계,ETF-테마 1건/행,data/relations/etf_theme.csv,5646,2,theme,확인할 수 없음,text,N,Y,,,확인할 수 없음,external,LSEG themes를 롱포맷 변환,as_of 추정 금지,live DB 검증 완료 (2026-08-24)
PostgreSQL/RDB,relations,etf_theme,국내 ETF-테마 관계,ETF-테마 1건/행,data/relations/etf_theme.csv,5646,3,source,확인할 수 없음,text,Y,N,,,확인할 수 없음,external,LSEG themes를 롱포맷 변환,as_of 추정 금지,live DB 검증 완료 (2026-08-24)
PostgreSQL/RDB,relations,etf_theme,국내 ETF-테마 관계,ETF-테마 1건/행,data/relations/etf_theme.csv,5646,4,as_of,확인할 수 없음,date,Y,N,,,확인할 수 없음,external,LSEG themes를 롱포맷 변환,as_of 추정 금지,live DB 검증 완료 (2026-08-24)
PostgreSQL/RDB,relations,etf_holding,국내 ETF-편입종목 관계,ETF-편입종목 1건/행,data/relations/etf_holding.csv,47016,1,holding_id,확인할 수 없음,bigint,N,Y,,,2026-07-10,external,운용사 원천을 공통 롱포맷으로 변환,룩어헤드 현재가·등락 제외; holding_id identity,live DB 검증 완료 (2026-08-24)
PostgreSQL/RDB,relations,etf_holding,국내 ETF-편입종목 관계,ETF-편입종목 1건/행,data/relations/etf_holding.csv,47016,2,pd_itm_no,확인할 수 없음,text,Y,N,raw.etf_kr_master.pd_itm_no,,2026-07-10,external,운용사 원천을 공통 롱포맷으로 변환,룩어헤드 현재가·등락 제외; holding_id identity,live DB 검증 완료 (2026-08-24)
PostgreSQL/RDB,relations,etf_holding,국내 ETF-편입종목 관계,ETF-편입종목 1건/행,data/relations/etf_holding.csv,47016,3,holding_code_raw,확인할 수 없음,text,Y,N,,,2026-07-10,external,운용사 원천을 공통 롱포맷으로 변환,룩어헤드 현재가·등락 제외; holding_id identity,live DB 검증 완료 (2026-08-24)
PostgreSQL/RDB,relations,etf_holding,국내 ETF-편입종목 관계,ETF-편입종목 1건/행,data/relations/etf_holding.csv,47016,4,holding_code_type,확인할 수 없음,text,Y,N,,,2026-07-10,external,운용사 원천을 공통 롱포맷으로 변환,룩어헤드 현재가·등락 제외; holding_id identity,live DB 검증 완료 (2026-08-24)
PostgreSQL/RDB,relations,etf_holding,국내 ETF-편입종목 관계,ETF-편입종목 1건/행,data/relations/etf_holding.csv,47016,5,holding_name,확인할 수 없음,text,Y,N,,,2026-07-10,external,운용사 원천을 공통 롱포맷으로 변환,룩어헤드 현재가·등락 제외; holding_id identity,live DB 검증 완료 (2026-08-24)
PostgreSQL/RDB,relations,etf_holding,국내 ETF-편입종목 관계,ETF-편입종목 1건/행,data/relations/etf_holding.csv,47016,6,weight,확인할 수 없음,numeric,Y,N,,,2026-07-10,external,운용사 원천을 공통 롱포맷으로 변환,룩어헤드 현재가·등락 제외; holding_id identity,live DB 검증 완료 (2026-08-24)
PostgreSQL/RDB,relations,etf_holding,국내 ETF-편입종목 관계,ETF-편입종목 1건/행,data/relations/etf_holding.csv,47016,7,source,확인할 수 없음,text,Y,N,,,2026-07-10,external,운용사 원천을 공통 롱포맷으로 변환,룩어헤드 현재가·등락 제외; holding_id identity,live DB 검증 완료 (2026-08-24)
PostgreSQL/RDB,relations,etf_holding,국내 ETF-편입종목 관계,ETF-편입종목 1건/행,data/relations/etf_holding.csv,47016,8,as_of,확인할 수 없음,date,Y,N,,,2026-07-10,external,운용사 원천을 공통 롱포맷으로 변환,룩어헤드 현재가·등락 제외; holding_id identity,live DB 검증 완료 (2026-08-24)
PostgreSQL/RDB,relations,company_subsidiary,기업-자회사 출자 관계,출자관계 1건/행,data/relations/company_subsidiary.csv,30097,1,relation_id,확인할 수 없음,bigint,N,Y,,,공시 접수일 (2026-08-24 이하),external,DART 타법인출자현황을 롱포맷 변환,미확정 자회사 코드는 공란; relation_id identity,live DB 검증 완료 (2026-08-24)
PostgreSQL/RDB,relations,company_subsidiary,기업-자회사 출자 관계,출자관계 1건/행,data/relations/company_subsidiary.csv,30097,2,parent_corp_code,확인할 수 없음,text,Y,N,enriched.company_master.corp_code,,공시 접수일 (2026-08-24 이하),external,DART 타법인출자현황을 롱포맷 변환,미확정 자회사 코드는 공란; relation_id identity,live DB 검증 완료 (2026-08-24)
PostgreSQL/RDB,relations,company_subsidiary,기업-자회사 출자 관계,출자관계 1건/행,data/relations/company_subsidiary.csv,30097,3,parent_name,확인할 수 없음,text,Y,N,,,공시 접수일 (2026-08-24 이하),external,DART 타법인출자현황을 롱포맷 변환,미확정 자회사 코드는 공란; relation_id identity,live DB 검증 완료 (2026-08-24)
PostgreSQL/RDB,relations,company_subsidiary,기업-자회사 출자 관계,출자관계 1건/행,data/relations/company_subsidiary.csv,30097,4,child_name,확인할 수 없음,text,Y,N,,,공시 접수일 (2026-08-24 이하),external,DART 타법인출자현황을 롱포맷 변환,미확정 자회사 코드는 공란; relation_id identity,live DB 검증 완료 (2026-08-24)
PostgreSQL/RDB,relations,company_subsidiary,기업-자회사 출자 관계,출자관계 1건/행,data/relations/company_subsidiary.csv,30097,5,child_name_norm,확인할 수 없음,text,Y,N,,,공시 접수일 (2026-08-24 이하),external,DART 타법인출자현황을 롱포맷 변환,미확정 자회사 코드는 공란; relation_id identity,live DB 검증 완료 (2026-08-24)
PostgreSQL/RDB,relations,company_subsidiary,기업-자회사 출자 관계,출자관계 1건/행,data/relations/company_subsidiary.csv,30097,6,child_corp_code,확인할 수 없음,text,Y,N,enriched.company_master.corp_code,,공시 접수일 (2026-08-24 이하),external,DART 타법인출자현황을 롱포맷 변환,미확정 자회사 코드는 공란; relation_id identity,live DB 검증 완료 (2026-08-24)
PostgreSQL/RDB,relations,company_subsidiary,기업-자회사 출자 관계,출자관계 1건/행,data/relations/company_subsidiary.csv,30097,7,child_match_rule,확인할 수 없음,text,Y,N,,,공시 접수일 (2026-08-24 이하),external,DART 타법인출자현황을 롱포맷 변환,미확정 자회사 코드는 공란; relation_id identity,live DB 검증 완료 (2026-08-24)
PostgreSQL/RDB,relations,company_subsidiary,기업-자회사 출자 관계,출자관계 1건/행,data/relations/company_subsidiary.csv,30097,8,ownership_pct,확인할 수 없음,numeric,Y,N,,,공시 접수일 (2026-08-24 이하),external,DART 타법인출자현황을 롱포맷 변환,미확정 자회사 코드는 공란; relation_id identity,live DB 검증 완료 (2026-08-24)
PostgreSQL/RDB,relations,company_subsidiary,기업-자회사 출자 관계,출자관계 1건/행,data/relations/company_subsidiary.csv,30097,9,invest_purpose,확인할 수 없음,text,Y,N,,,공시 접수일 (2026-08-24 이하),external,DART 타법인출자현황을 롱포맷 변환,미확정 자회사 코드는 공란; relation_id identity,live DB 검증 완료 (2026-08-24)
PostgreSQL/RDB,relations,company_subsidiary,기업-자회사 출자 관계,출자관계 1건/행,data/relations/company_subsidiary.csv,30097,10,source,확인할 수 없음,text,Y,N,,,공시 접수일 (2026-08-24 이하),external,DART 타법인출자현황을 롱포맷 변환,미확정 자회사 코드는 공란; relation_id identity,live DB 검증 완료 (2026-08-24)
PostgreSQL/RDB,relations,company_subsidiary,기업-자회사 출자 관계,출자관계 1건/행,data/relations/company_subsidiary.csv,30097,11,as_of,확인할 수 없음,date,Y,N,,,공시 접수일 (2026-08-24 이하),external,DART 타법인출자현황을 롱포맷 변환,미확정 자회사 코드는 공란; relation_id identity,live DB 검증 완료 (2026-08-24)
PostgreSQL/pgvector,public,bond_schema_terms,운영 채권 TBox 인덱스,TBox resource 1건/행,common.ttl + bond_kr.ttl,130,1,term_uri,용어 URI,text,N,Y,,,ontology schema version,ontology,URI·label·altLabel·comment 결합 후 임베딩,rdfs:comment 없는 resource 제외; embedding 1024차원,live DB 검증 완료 (2026-08-24)
PostgreSQL/pgvector,public,bond_schema_terms,운영 채권 TBox 인덱스,TBox resource 1건/행,common.ttl + bond_kr.ttl,130,2,label,대표 라벨,text,N,N,,,ontology schema version,ontology,URI·label·altLabel·comment 결합 후 임베딩,rdfs:comment 없는 resource 제외; embedding 1024차원,live DB 검증 완료 (2026-08-24)
PostgreSQL/pgvector,public,bond_schema_terms,운영 채권 TBox 인덱스,TBox resource 1건/행,common.ttl + bond_kr.ttl,130,3,comment,TBox 설명,text,N,N,,,ontology schema version,ontology,URI·label·altLabel·comment 결합 후 임베딩,rdfs:comment 없는 resource 제외; embedding 1024차원,live DB 검증 완료 (2026-08-24)
PostgreSQL/pgvector,public,bond_schema_terms,운영 채권 TBox 인덱스,TBox resource 1건/행,common.ttl + bond_kr.ttl,130,4,alt_labels,대체 라벨,text[],N,N,,,ontology schema version,ontology,URI·label·altLabel·comment 결합 후 임베딩,rdfs:comment 없는 resource 제외; embedding 1024차원,live DB 검증 완료 (2026-08-24)
PostgreSQL/pgvector,public,bond_schema_terms,운영 채권 TBox 인덱스,TBox resource 1건/행,common.ttl + bond_kr.ttl,130,5,content,임베딩 입력 텍스트,text,N,N,,,ontology schema version,ontology,URI·label·altLabel·comment 결합 후 임베딩,rdfs:comment 없는 resource 제외; embedding 1024차원,live DB 검증 완료 (2026-08-24)
PostgreSQL/pgvector,public,bond_schema_terms,운영 채권 TBox 인덱스,TBox resource 1건/행,common.ttl + bond_kr.ttl,130,6,embedding,CLOVA Studio bge-m3 임베딩,vector(1024),N,N,,,ontology schema version,ontology,URI·label·altLabel·comment 결합 후 임베딩,rdfs:comment 없는 resource 제외; embedding 1024차원,live DB 검증 완료 (2026-08-24)
PostgreSQL/pgvector,public,schema_terms_all,평가용 전체 도메인 TBox 인덱스,TBox resource 1건/행,TBox 5개 TTL,188,1,term_uri,용어 URI,text,N,Y,,,ontology schema version,ontology,URI·label·altLabel·comment 결합 후 임베딩,rdfs:comment 없는 resource 제외; embedding 1024차원,live DB 검증 완료 (2026-08-24)
PostgreSQL/pgvector,public,schema_terms_all,평가용 전체 도메인 TBox 인덱스,TBox resource 1건/행,TBox 5개 TTL,188,2,label,대표 라벨,text,N,N,,,ontology schema version,ontology,URI·label·altLabel·comment 결합 후 임베딩,rdfs:comment 없는 resource 제외; embedding 1024차원,live DB 검증 완료 (2026-08-24)
PostgreSQL/pgvector,public,schema_terms_all,평가용 전체 도메인 TBox 인덱스,TBox resource 1건/행,TBox 5개 TTL,188,3,comment,TBox 설명,text,N,N,,,ontology schema version,ontology,URI·label·altLabel·comment 결합 후 임베딩,rdfs:comment 없는 resource 제외; embedding 1024차원,live DB 검증 완료 (2026-08-24)
PostgreSQL/pgvector,public,schema_terms_all,평가용 전체 도메인 TBox 인덱스,TBox resource 1건/행,TBox 5개 TTL,188,4,alt_labels,대체 라벨,text[],N,N,,,ontology schema version,ontology,URI·label·altLabel·comment 결합 후 임베딩,rdfs:comment 없는 resource 제외; embedding 1024차원,live DB 검증 완료 (2026-08-24)
PostgreSQL/pgvector,public,schema_terms_all,평가용 전체 도메인 TBox 인덱스,TBox resource 1건/행,TBox 5개 TTL,188,5,content,임베딩 입력 텍스트,text,N,N,,,ontology schema version,ontology,URI·label·altLabel·comment 결합 후 임베딩,rdfs:comment 없는 resource 제외; embedding 1024차원,live DB 검증 완료 (2026-08-24)
PostgreSQL/pgvector,public,schema_terms_all,평가용 전체 도메인 TBox 인덱스,TBox resource 1건/행,TBox 5개 TTL,188,6,embedding,CLOVA Studio bge-m3 임베딩,vector(1024),N,N,,,ontology schema version,ontology,URI·label·altLabel·comment 결합 후 임베딩,rdfs:comment 없는 resource 제외; embedding 1024차원,live DB 검증 완료 (2026-08-24)
