property,uri,kind,storage,availability,domain,range,label,source_tables,source_columns,derivation,derivation_note,domain_caveat,comment
agencyRatings,http://mafest.ai/product#agencyRatings,DP,rdb,raw,Bond,http://www.w3.org/2001/XMLSchema#string,credit rating agency ratings|평가사 신용등급(원문),PRBD01N001,PD_EVCO_CRD_GRD,,,"평가기관명 자체가 데이터에 없어 (채권, 평가기관, 등급) 3항 관계로 완전 분해하지는 못한다.","여러 평가사 등급을 콤마로 이어 붙인 원문('AAA, AAA, AAA'). 유효 24,966행 중 22,605행이 다중값이고 **286건은 평가사 간 등급이 불일치**한다. 단일 등급으로 축약하면 정보가 손실되므로 원문을 보존하고, 일치 여부는 fp:ratingAgreement로 별도 표기한다. **평가기관명 자체가 데이터에 없어 (채권, 평가기관, 등급) 3항 관계로 완전 분해하지는 못한다.**"
appliedYield,http://mafest.ai/product#appliedYield,DP,rdb,raw,Bond,http://www.w3.org/2001/XMLSchema#decimal,applied yield|적용수익률,PRBD01N001,APPLIED_YIELD,,,,"평가에 적용된 시장수익률(%). '수익률 몇 % 이상' 질의의 실질 근거다. 0은 미산출(1,289건)이므로 제외한다."
asOf,http://mafest.ai/product#asOf,DP,graph,loaded,n327921788c8b4f9196f55c429df2d4b2b38,http://www.w3.org/2001/XMLSchema#date,as of|기준일,derived:relations,derived:relations.as_of,planned,"generic 관계 유효기간 계층, 미구현",,시점 가변 관계·수치의 기준일. **시점을 모르는 관계는 비워 두고 추정 날짜를 채워 넣지 않는다**(거짓 기준일 방지). etf_theme 관계가 이에 해당한다.
baseAsset,http://mafest.ai/product#baseAsset,DP,rdb,derived-not-deployed,ETF,http://www.w3.org/2001/XMLSchema#string,base asset|기초 자산,derived:etf_kr_enriched,derived:etf_kr_enriched.base_asset,pure,build_etf_enrichment.py ← data/csv 원본만,,기초자산 종류(LSEG 보강). wu_inv_ast_type과 교차검증용으로 함께 제시한다.
baseMarket,http://mafest.ai/product#baseMarket,DP,rdb,derived-not-deployed,ETF,http://www.w3.org/2001/XMLSchema#string,base market|기초 시장,derived:etf_kr_enriched,derived:etf_kr_enriched.base_market,pure,build_etf_enrichment.py ← data/csv 원본만,,"기초자산이 속한 시장(국내·해외 등, LSEG 보강). 국내ETF 기초지수가 95.2% 결측인 상황의 대체 축이다."
belongsToIndustry,http://mafest.ai/product#belongsToIndustry,OP,none,unavailable,Company,Industry,belongs to industry|산업 소속,,,,,,기업 → 산업 분류. 현재 산업 분류축 데이터가 없다.
benchmarkName,http://mafest.ai/product#benchmarkName,DP,rdb,raw,PublicFund,http://www.w3.org/2001/XMLSchema#string,benchmark name|벤치마크명(원문),PRFD01N001,bmrk_nm,,,,"비교지수 원문(391종, 결측 0%). **복합 벤치마크('MSCI ACWI CR 50% + 종합채권01Y 50%')가 다수**라 fp:tracksIndex로 지수 노드에 연결할 때는 구성 지수별로 분해해 다중 연결하고 가중치를 보존한다. 국내ETF cu_base_index와의 교집합은 17종뿐이라 별칭 매핑(skos:altLabel)이 필요하며, 영문명(bmrk_eng_nm)은 1:1 대응이라 별도 속성으로 싣지 않고 별칭으로만 흡수한다."
bondKind,http://mafest.ai/product#bondKind,DP,rdb,raw,Bond,http://www.w3.org/2001/XMLSchema#string,bond kind|채권종류,PRBD01N001,BD_KND,,,,상환구조·발행주체 기준 세분류 39종(일반회사채·할부금융채·유동화회사채·MBS·Conduit회사채 등). 구조화 상품 식별의 유일 축이며 결측 924건이다.
bondMajorClass,http://mafest.ai/product#bondMajorClass,DP,rdb,raw,Bond,http://www.w3.org/2001/XMLSchema#string,bond major class|표준상품 대분류,PRBD01N001,STD_PD_MCLS_NM,,,,"채권 1차 분류 6종(회사채 31,447 / 특수채 8,755 / 국공채 2,137 / 개인투자용국채 49 / 외화채권 6). fp:bondMinorClass의 상위 계층이다."
bondMinorClass,http://mafest.ai/product#bondMinorClass,DP,rdb,raw,Bond,http://www.w3.org/2001/XMLSchema#string,bond minor class|표준상품 소분류,PRBD01N001,STD_PD_SCLS_NM,,,,대분류 하위 2차 분류 16종(일반사채·공사채·특수은행채·국고채 등). 대분류와 계층 관계를 이룬다.
brandName,http://mafest.ai/product#brandName,DP,rdb,derived-not-deployed,Brand,http://www.w3.org/2001/XMLSchema#string,brand name|브랜드명,derived:etf_kr_brand,derived:etf_kr_brand.brand,planned,생산 스크립트 없음,,브랜드 개체의 명칭. pd_abrv_nm 선두 토큰에서 파생한다.
buyYield,http://mafest.ai/product#buyYield,DP,rdb,raw,Bond,http://www.w3.org/2001/XMLSchema#decimal,buy yield|매수수익률,PRBD01N001,BUY_YIELD,,,,판매 대상 채권의 매수 기준 수익률(%). 유효 881행(2.1%)뿐이며 나머지는 참조용 아카이브다. 세후·세금우대·예금환산 계열 6컬럼은 결측 패턴이 동일하고 AVG_ANNUAL_TAX_YIELD는 유효행 전량이 0이라 온톨로지에 싣지 않았다.
buyableQuantity,http://mafest.ai/product#buyableQuantity,DP,rdb,raw,Bond,http://www.w3.org/2001/XMLSchema#decimal,buyable quantity|매수가능수량,PRBD01N001,BUYABLE_QUANTITY,,,,당사 판매 채널의 매수 가능 잔량. **값의 존재 자체가 '판매 채널 취급' 플래그**이며 유효 881건(2.1%)뿐이다. '매수가능수량 0 초과' 조건검색의 직접 축이다.
cikCode,http://mafest.ai/product#cikCode,DP,rdb,raw,n6d8cda17fbb740fcbe8ead3b4f379c40b4,http://www.w3.org/2001/XMLSchema#string,SEC CIK code|SEC CIK 코드,PREF02N001,pd_us_cik,,,,"SEC EDGAR 등록번호. N-PORT 구성종목 취득의 유일 경로다. **고유 374종에 5,633행이 물린 트러스트 단위 코드**(한 CIK에 최대 380개 상품)라 이것만으로 개별 ETF를 특정할 수 없고 Series ID가 추가로 필요하다."
closePriceBaseDate,http://mafest.ai/product#closePriceBaseDate,DP,rdb,raw,n6d8cda17fbb740fcbe8ead3b4f379c40b16,http://www.w3.org/2001/XMLSchema#date,close price base date|종가 기준일,PREF02N001,du_clpr_base_dt,,,,종가 기준일. 86종으로 분산되어 stale 종목이 섞여 있으므로 '현재 가격' 질의에서 이 값을 반드시 함께 제시한다.
coreProduct,http://mafest.ai/product#coreProduct,DP,rdb,raw,ETF,http://www.w3.org/2001/XMLSchema#boolean,core product|핵심상품 선정 여부,PREF01N001,wu_core_yn,,,해외ETF는 Y가 0건이라 같은 필터를 적용할 수 없다.,"당사 선정 핵심 ETF(Y 88건, 전부 ETF). '추천 ETF' 질의의 유일한 내부 근거다. 해외ETF는 Y가 0건이라 같은 필터를 적용할 수 없다."
corpCode,http://mafest.ai/product#corpCode,DP,graph,loaded,Organization,http://www.w3.org/2001/XMLSchema#string,DART corporation code|DART 고유번호,derived:company_master,derived:company_master.corp_code,external,build_company_relations.py ← DART corpcode·KIND,,"금융감독원 DART 기업 고유번호 8자리. 기업 URI의 소재이자 공시 근거 문서로 되짚는 키다. 고유번호를 특정하지 못한 기업(동명이인 5,532종 포함)은 이 속성이 없고 정규화명 기반 URI를 쓴다."
couponRate,http://mafest.ai/product#couponRate,DP,rdb,raw,Bond,http://www.w3.org/2001/XMLSchema#decimal,coupon rate|표면금리,PRBD01N001,SRFC_IRT,,,,액면 대비 연 이표율(%). **0은 결측이 아니라 무이표(할인채)**를 뜻한다.
creditRatingLabel,http://mafest.ai/product#creditRatingLabel,DP,rdb,raw,Bond,http://www.w3.org/2001/XMLSchema#string,credit rating label|신용등급 표기,PRBD01N001|derived:bond_kr_enriched,CRD_GRD|derived:bond_kr_enriched.crd_grd_norm,pure,build_bond_enrichment.py ← data/csv 원본만,,"정규화된 대표 신용등급 문자열(AA0→AA, C0→C). 결측 17,644건(41.6%)은 **fp:ratingStatus로 미평가(국공채·개인투자용국채, 결측률 100%)와 데이터 결손(회사채 45.3%·특수채 13.9%)을 반드시 구분**해 답한다. 서열 비교는 이 문자열이 아니라 fp:hasCreditRating 개체의 fp:ratingRank로 한다."
currencyHedged,http://mafest.ai/product#currencyHedged,DP,rdb,raw,PublicFund,http://www.w3.org/2001/XMLSchema#boolean,currency hedged|환헤지 여부,PRFD01N001,exchdg_yn,,,,"환헤지 적용 여부(Y 44,987 / N 20,870). '환헤지형' 질의의 직결축이다. **결측 31.1%는 국내투자 펀드**이며 이상값 '00080008' 1건은 파싱 붕괴 행이므로 행 단위로 배제한다."
delistingDate,http://mafest.ai/product#delistingDate,DP,rdb,raw,n262162eb5eeb41f2ba948dd5d654e824b19,http://www.w3.org/2001/XMLSchema#date,delisting date|거래종료일,PREF01N001,pd_lste_dt,,,,"상장폐지·만기일. **sentinel '99991231' 1,521건은 '만기 없음/존속'을 뜻하므로 날짜로 파싱하지 않는다.** ETN 만기 구분에 유효하다."
documentPublishedDate,http://mafest.ai/product#documentPublishedDate,DP,vector,pending-collection,Document,http://www.w3.org/2001/XMLSchema#date,document published date|문서 발행일,derived:document,derived:document.published_date,external,문서 수집 미착수,,근거 문서의 발행일. 데이터 기준일(2026-07-11) 이후 문서는 답변 근거로 쓰지 않는다.
documentPublisher,http://mafest.ai/product#documentPublisher,DP,vector,pending-collection,Document,http://www.w3.org/2001/XMLSchema#string,document publisher|발행기관,derived:document,derived:document.publisher,external,문서 수집 미착수,,근거 문서의 발행기관.
documentQuote,http://mafest.ai/product#documentQuote,DP,vector,pending-collection,Document,http://www.w3.org/2001/XMLSchema#string,evidence quote|근거 문장,derived:document,derived:document.quote,external,문서 수집 미착수,,관계·주장을 직접 지지하는 인용 문장.
documentTitle,http://mafest.ai/product#documentTitle,DP,vector,pending-collection,Document,http://www.w3.org/2001/XMLSchema#string,document title|문서명,derived:document,derived:document.title,external,문서 수집 미착수,,근거 문서의 제목. 답변 근거 계약의 필수 항목.
duration,http://mafest.ai/product#duration,DP,rdb,raw,Bond,http://www.w3.org/2001/XMLSchema#decimal,duration|듀레이션,PRBD01N001,DUR,,,,"금리 민감도. **0이 8,268건이며 만기경과와 미계산이 섞여 있으므로 듀레이션 질의 시 0 제외가 필수**다. 익일 계열(NDY_DUR)과 컨벡시티는 중복·고급축이라 온톨로지에 싣지 않았다."
eligibleInvestorType,http://mafest.ai/product#eligibleInvestorType,DP,rdb,raw,PublicFund,http://www.w3.org/2001/XMLSchema#string,eligible investor type|개인·법인 구분,PRFD01N001,pers_corp_desc,,,,"가입 대상 투자자(해당없음 73,054 / 개인 17,643 / 법인 4,856). '개인이 가입 가능한' 질의축이다."
exchangeCode,http://mafest.ai/product#exchangeCode,DP,rdb,raw,n6d8cda17fbb740fcbe8ead3b4f379c40b13,http://www.w3.org/2001/XMLSchema#string,exchange code|상장 거래소 코드,PREF02N001,pd_exg_mkt_cd,,,,"AMX 4,241 / NAS 1,296 / NYS 78. **숫자 코드('102' 22건, '101' 9건) 31건이 알파벳 코드와 혼재**하는 오염이 있어 거래소 필터 시 매핑 또는 제외 처리가 필요하다."
expenseRatio,http://mafest.ai/product#expenseRatio,DP,rdb,raw,n327921788c8b4f9196f55c429df2d4b2b32,http://www.w3.org/2001/XMLSchema#decimal,expense ratio|총보수요율,PREF02N001|derived:etf_kr_enriched,cu_charge_rt|derived:etf_kr_enriched.charge_rt_final,pure,build_etf_enrichment.py ← data/csv 원본만,ETN에는 총보수 개념이 없어 domain에서 제외한다.,"연 총보수(%). 해외ETF는 결측 0%로 온전하다. **국내ETF는 원본 cu_charge_rt가 ETF 기준 81.9% 결측이고 유효 217건 중 150건이 0.0 더미**라 LSEG ter로 보완한 derived:etf_kr_enriched.charge_rt_final을 정본으로 쓰고, 값의 출처는 fp:expenseRatioSource로 함께 제시한다. ETN에는 총보수 개념이 없어 domain에서 제외한다."
expenseRatioSource,http://mafest.ai/product#expenseRatioSource,DP,rdb,derived-not-deployed,ETF,http://www.w3.org/2001/XMLSchema#string,expense ratio source|총보수 출처,derived:etf_kr_enriched,derived:etf_kr_enriched.charge_rt_source,pure,build_etf_enrichment.py ← data/csv 원본만,,총보수 값이 주최측 원본(RDB)인지 외부 보완(LSEG)인지 표시. 답변 evidence에 그대로 인용한다.
fssCode,http://mafest.ai/product#fssCode,DP,rdb,raw,PublicFund,http://www.w3.org/2001/XMLSchema#string,FSS item code|금감원 종목번호,PRFD01N001,fss_itm_no,,,,"금융감독원 코드(DART 펀드공시 조인키). **sentinel '000000000000'이 23,409행(24.5%)이므로 사실상 결측으로 처리**한다."
fundAttributeCode,http://mafest.ai/product#fundAttributeCode,DP,rdb,raw,PublicFund,http://www.w3.org/2001/XMLSchema#string,fund attribute code|펀드별 속성코드,PRFD01N001,derived:fund_pub_dedup.prfd_attr_cds|prfd_attr_cd,,,,원본 복합 PK의 2축(228종). 실체계는 2종 — 영문1+숫자3(210종)과 ISO 3166 3자리 국가코드(17종)다. '해외' 1종은 파싱 붕괴 행의 잔재이므로 체계로 취급하지 않는다. dedup 테이블에서는 prfd_attr_cds로 집약된다.
hasAssetType,http://mafest.ai/product#hasAssetType,OP,graph,loaded,Product,AssetType,has asset type|투자자산군,PREF01N001|PREF02N001|PRFD01N001,or_attr_desc|wu_inv_ast_type,,,,상품 → 자산군 개체. 국내ETF wu_inv_ast_type(한글 8종)·해외ETF wu_inv_ast_type(영문 6종)·공모펀드 or_attr_desc를 통합 개체로 매핑한다.
hasBondIssuerType,http://mafest.ai/product#hasBondIssuerType,OP,graph,loaded,Bond,BondIssuerType,has bond issuer type|발행주체 유형,PRBD01N001,STD_PD_MCLS_NM,,,,채권 → 발행주체 유형 개체. STD_PD_MCLS_NM 6종을 4개 축 개체로 매핑한다(외화채권-회사채·외화채권-금융채는 회사채로 접는다).
hasBrand,http://mafest.ai/product#hasBrand,OP,rdb,raw,n262162eb5eeb41f2ba948dd5d654e824b7,Brand,has brand|브랜드,PREF01N001,pd_abrv_nm,,,,"상품 → 브랜드 개체. pd_abrv_nm 선두 토큰에서 파생하며, 운용사 문자열 오염 55건(운용사 자리에 상품 전체 명칭이 들어간 행)을 교차검증·복구하는 수단이기도 하다."
hasClassDifferentiation,http://mafest.ai/product#hasClassDifferentiation,OP,rdb,derived-not-deployed,PublicFund,ClassDifferentiation,has class differentiation|클래스 구분,derived:fund_pub_dedup,mtco_itm_no,pure,build_fund_dedup.py ← data/csv 원본만,,펀드 → 단일/멀티클래스 개체. mtco_itm_no 그룹 크기에서 파생한다.
hasCollateralType,http://mafest.ai/product#hasCollateralType,OP,none,unavailable,Bond,CollateralType,has collateral type|담보 유형,PRBD01N001,BD_KND,,,,채권 → 담보 유형 개체. **현재 데이터에 담보·보증 분류축이 없어 대부분의 종목에 값을 넣을 수 없다.** 담보·보증 조건검색은 답변 불가로 처리한다.
hasCouponType,http://mafest.ai/product#hasCouponType,OP,rdb,raw,Bond,CouponType,has coupon type|이표 유형,PRBD01N001,BD_KND|SRFC_IRT,,,,채권 → 이표 유형 개체. SRFC_IRT=0은 결측이 아니라 무이표(할인채)를 뜻한다.
hasCreditRating,http://mafest.ai/product#hasCreditRating,OP,graph,loaded,n327921788c8b4f9196f55c429df2d4b2b26,CreditRating,has credit rating|신용등급 보유,PRBD01N001|derived:bond_kr_enriched,CRD_GRD|derived:bond_kr_enriched.crd_grd_norm,pure,build_bond_enrichment.py ← data/csv 원본만,,채권·발행사 → 신용등급 개체. 'AA- 이상' 조건은 연결된 개체의 fp:ratingRank <= 4로 판정한다. 원본 CRD_GRD는 41.6% 결측이므로 등급 미부여(국채 등)와 결측을 구분해 답한다.
hasCurrency,http://mafest.ai/product#hasCurrency,OP,graph,loaded,Product,Currency,has currency|표시통화,PRBD01N001|PREF02N001|PRFD01N001,CURR_CD|curr_cd|pd_trd_ccy,,,,"상품 → 통화 개체. 채권은 KRW 42,372/외화 22건, 펀드는 KRW/USD 2종, 해외ETF는 전량 USD다."
hasCustodian,http://mafest.ai/product#hasCustodian,OP,none,unavailable,PublicFund,Custodian,has custodian|수탁회사,PRFD01N001,trusc_xtn_itt_cd,,,,공모펀드 → 수탁(신탁)회사. 기관코드 18종이며 코드↔사명 매핑표 미확보 상태다.
hasDistributionType,http://mafest.ai/product#hasDistributionType,OP,none,unavailable,ETF,DistributionType,has distribution type|분배 유형,,,,,,ETF → 분배 유형 개체. **배당 컬럼 전량 무효**라 상품명 'TR' 토큰 추정 외에는 근거가 없다. '월배당 ETF' 질의는 답변 불가다.
hasFundType,http://mafest.ai/product#hasFundType,OP,graph,loaded,PublicFund,FundType,has fund type|펀드 유형,PRFD01N001,or_attr_desc,,,,펀드 → 유형 개체. or_attr_desc 11종을 매핑하며 '06'은 파생형으로 해석한다.
hasHolding,http://mafest.ai/product#hasHolding,OP,graph,loaded,n327921788c8b4f9196f55c429df2d4b2b12,Holding,has holding|편입관계 보유,,,,,fp:ETN은 편입종목 개념이 없어 domain에서 제외한다.,"상품 → 편입관계 노드(n-ary). 편입비중·기준일·근거문서를 달아야 하므로 상품→증권 직결 관계를 쓰지 않는다. **fp:ETN은 편입종목 개념이 없어 domain에서 제외**한다. 인스턴스는 국내ETF 47,016건이 적재되어 있고, 해외ETF·펀드 편입분은 외부 수집(SEC N-PORT·운용보고서) 대상으로 남아 있다."
hasInvestmentRegion,http://mafest.ai/product#hasInvestmentRegion,OP,graph,loaded,Product,InvestmentRegion,has investment region|투자지역,PREF01N001|PREF02N001|PRFD01N001,fd_ivst_rgn_desc|wu_inv_rgn,,,,상품 → 투자지역 개체. 해외ETF는 59종 국가 단위라 국가→지역 상위 매핑이 필요하다.
hasInvestorEligibility,http://mafest.ai/product#hasInvestorEligibility,OP,graph,loaded,PublicFund,InvestorEligibility,has investor eligibility|투자자 자격,PRFD01N001,prvo_pbff_desc,,,,펀드 → 공모/사모 개체. 사모 102행은 fp:PublicFund 적재에서 배제하되 이 축으로 판정 근거를 남긴다.
hasIssuanceMarket,http://mafest.ai/product#hasIssuanceMarket,OP,graph,loaded,Bond,IssuanceMarket,has issuance market|발행시장,PRBD01N001,PD_CTRY_CD,,,,"채권 → 발행시장 개체. PD_CTRY_CD 기준이며 사실상 전량 국내(KR 42,393)다."
hasIssuanceType,http://mafest.ai/product#hasIssuanceType,OP,none,unavailable,PublicFund,IssuanceType,has issuance type|설정 유형,,,,,,"펀드 → 설정 유형 개체. **현재 데이터로 값을 채울 수 없다**(fd_set_pcd 코드 의미 미확정, KOFIA 코드표 필요)."
hasIssuerCategory,http://mafest.ai/product#hasIssuerCategory,OP,none,unavailable,Issuer,IssuerCategory,has issuer category|발행사 업종 구분,,,,,,발행사 → 업종 구분 개체. **현재 데이터로 값을 채울 수 없다**(발행사명 문자열만 존재). 외부 기업 마스터 수집 전까지 인스턴스에 값을 부여하지 않는다.
hasLeverageType,http://mafest.ai/product#hasLeverageType,OP,graph,loaded,n262162eb5eeb41f2ba948dd5d654e824b4,LeverageType,has leverage type|레버리지 유형,PREF01N001,cu_lev_fector,,,,상품 → 레버리지 유형 개체. cu_lev_fector 배수값(1/2/-2/-1/3/-3/-0.5/1.5/-1.5)에서 매핑한다.
hasListingType,http://mafest.ai/product#hasListingType,OP,rdb,raw,PublicFund,ListingType,has listing type|상장 구분,PRFD01N001,ksd_itm_no,,,,펀드 → 상장 구분 개체. fp:sameVehicleAs로 ETF와 연결된 47종만 상장으로 확정 가능하고 나머지는 추정이다.
hasManagementStrategy,http://mafest.ai/product#hasManagementStrategy,OP,graph,loaded,n262162eb5eeb41f2ba948dd5d654e824b1,ManagementStrategy,has management strategy|운용전략,PREF01N001|derived:etf_kr_enriched,cu_strtegy|derived:etf_kr_enriched.replication,pure,build_etf_enrichment.py ← data/csv 원본만,,"상품 → 패시브/액티브 개체. 국내ETF는 cu_strtegy에서, 해외ETF는 cu_index_repl_mthd 결측 여부(결측 58.2% = 액티브·비추종)에서 추정한다."
hasMaturityClass,http://mafest.ai/product#hasMaturityClass,OP,graph,loaded,Bond,MaturityClass,has maturity class|만기 구분,derived:bond_kr_enriched,derived:bond_kr_enriched.maturity_bucket,pure,build_bond_enrichment.py ← data/csv 원본만,,"채권 → 만기 구분 개체. fp:maturityBucket(파생)에서 매핑한다. **만기경과 개체가 별도로 필요하다** — 파일명 날짜 기준 16,180건(38.2%)이 이미 만기가 지났기 때문이다."
hasMetricSnapshot,http://mafest.ai/product#hasMetricSnapshot,OP,rdb,derived-not-deployed,Product,MetricSnapshot,has metric snapshot|수치 스냅샷 보유,,,,,,상품 → 시점 가변 수치 노드. 기준일이 다른 수치를 한 답변에 섞을 때 각각의 fp:asOf를 함께 제시하기 위한 경로다.
hasRatingBand,http://mafest.ai/product#hasRatingBand,OP,graph,loaded,Bond,RatingBand,has rating band|신용등급 대역,PRBD01N001,CRD_GRD,,,,채권 → 등급 대역 개체(주최측 axis). 조건검색은 이 대역이 아니라 fp:hasCreditRating + fp:ratingRank로 판정한다.
hasRedemptionType,http://mafest.ai/product#hasRedemptionType,OP,none,unavailable,PublicFund,RedemptionType,has redemption type|환매 유형,,,,,,펀드 → 환매 유형 개체. **현재 데이터로 값을 채울 수 없다.** 개방형·폐쇄형 조건검색은 근거 부족으로 답변 불가다.
hasReplicationMethod,http://mafest.ai/product#hasReplicationMethod,OP,graph,loaded,n327921788c8b4f9196f55c429df2d4b2b29,ReplicationMethod,has replication method|복제방식,PREF01N001|PREF02N001|derived:etf_kr_enriched,cu_index_repl_mthd|cu_strtegy|derived:etf_kr_enriched.replication,pure,build_etf_enrichment.py ← data/csv 원본만,,상품 → 복제방식 개체. 국내ETF cu_strtegy의 'C' 409건은 전부 ETN이라 ETF 필터 후 자동 소거된다. 해외ETF cu_index_repl_mthd는 58.2% 결측이며 결측은 액티브·비추종 상품이다.
hasRisk,http://mafest.ai/product#hasRisk,OP,vector,pending-collection,n327921788c8b4f9196f55c429df2d4b2b18,Risk,has risk|위험요인 보유,,,,,,상품·기업·산업 → 위험요인. 반드시 fp:supportedBy 근거 문서를 동반해야 한다.
hasRiskGrade,http://mafest.ai/product#hasRiskGrade,OP,graph,loaded,Product,RiskGrade,has risk grade|투자위험등급,PRBD01N001|PREF01N001|PRFD01N001,PD_RISK_GCD|pd_risk_cd|zrin_fd_ivst_risk_gcd,,,해외ETF에는 위험등급 컬럼이 없다.,상품 → 위험등급 개체(1~6). 채권·국내ETF·공모펀드 세 도메인이 같은 서열이라 교차 비교가 가능하다. 해외ETF에는 위험등급 컬럼이 없다.
hasSaleInfo,http://mafest.ai/product#hasSaleInfo,DP,rdb,derived-not-deployed,Bond,http://www.w3.org/2001/XMLSchema#boolean,has sale info|판매정보 보유 여부,derived:bond_kr_enriched,derived:bond_kr_enriched.has_sale_info,pure,build_bond_enrichment.py ← data/csv 원본만,,"판매 관련 8컬럼이 모두 채워졌는지 여부(파생, 881건 Y). 8컬럼의 결측 패턴이 완전 이분법이라 개별 속성 8개 대신 이 불리언 1개로 축약했다."
hasShareClass,http://mafest.ai/product#hasShareClass,OP,rdb,raw,PublicFund,ShareClass,has share class|클래스 보유,PRFD01N001,mtco_itm_no|rptt_ksd_itm_no,,,,대표(모)펀드 → 종류별 클래스. 그룹핑 키는 fp:managerItemCode(mtco_itm_no)이며 '미래에셋코어테크증권자투자신탁(주식)'처럼 한 모펀드에 14클래스가 달리는 사례가 있다. 클래스 중복을 제거하지 않으면 순자산 합계가 8.54배 부풀려진다.
hasSubsidiary,http://mafest.ai/product#hasSubsidiary,OP,graph,loaded,Company,SubsidiaryRelation,has subsidiary|출자관계 보유,,,,,,모회사 → 출자관계 노드(n-ary). 지분율 기준이 관계마다 다르므로 전이성(owl:TransitiveProperty)은 선언하지 않는다. 손자회사 탐색은 다단계 질의로 처리한다.
hasTradingMarket,http://mafest.ai/product#hasTradingMarket,OP,graph,loaded,Bond,TradingMarket,has trading market|유통시장 구분,PRBD01N001,PD_EXG_MKT,,,,채권 → 장내·장외 개체. 원본 PD_EXG_MKT를 그대로 매핑한다.
hasUnderlyingScope,http://mafest.ai/product#hasUnderlyingScope,OP,none,unavailable,ETF,UnderlyingScope,has underlying scope|기초자산 범위,,,,,,"ETF → 기초자산 범위 개체. **현재 데이터로 값을 채울 수 없다**(기초지수 95.2% 결측, 섹터명 전량 결측). 간이투자설명서 수집 이후 부여한다."
hedgeType,http://mafest.ai/product#hedgeType,DP,rdb,derived-not-deployed,ETF,http://www.w3.org/2001/XMLSchema#string,hedge type|환헤지 유형,derived:etf_kr_enriched,derived:etf_kr_enriched.hedge_type,pure,build_etf_enrichment.py ← data/csv 원본만,,환헤지·환노출 구분(LSEG 보강). 원본에는 대응 컬럼이 없어 외부 보완값이며 fp:sourceId로 출처를 함께 표시한다.
holdingSecurity,http://mafest.ai/product#holdingSecurity,OP,graph,loaded,Holding,Security,holding security|편입증권,,,,,,편입관계 노드 → 편입된 증권. fp:hasHolding·fp:weight·fp:asOf와 함께 하나의 편입 사실을 구성한다.
indexName,http://mafest.ai/product#indexName,DP,rdb,raw,Index,http://www.w3.org/2001/XMLSchema#string,index name|지수명,PREF01N001|PREF02N001|PRFD01N001,bmrk_nm|cu_base_index,,,,"지수·벤치마크 명칭. 해외ETF cu_base_index의 'Index is not provided by Management Company'(1,984건)·'Index is not available on Lipper Database'(721건)는 **값이 아니라 sentinel**이므로 결측으로 처리하고 지수 노드를 만들지 않는다."
indexTrackingUnavailable,http://mafest.ai/product#indexTrackingUnavailable,DP,rdb,raw,ETF,http://www.w3.org/2001/XMLSchema#boolean,index unavailable|기초지수 미제공 여부,PREF02N001,cu_base_index,,,,"cu_base_index 값이 sentinel 문자열('Index is not provided by Management Company' 1,984건 / 'Index is not available on Lipper Database' 721건)인 경우 true. **명목 결측은 8건뿐이지만 sentinel을 결측으로 처리하면 실질 결측이 48.1%**다. 이 플래그가 있어야 '기초지수를 알 수 없음'과 '지수를 추종하지 않음'을 구분해 답할 수 있다."
internalCode,http://mafest.ai/product#internalCode,DP,rdb,raw,n262162eb5eeb41f2ba948dd5d654e824b10,http://www.w3.org/2001/XMLSchema#string,internal short code|사내 단축코드,PREF01N001,pd_itm_no_ma,,,,미래에셋 사내 코드(A305080·Q760014 형식). 앞 한 글자를 뗀 값이 LSEG 메타 조인키(lseg_key)라 외부 보완 데이터 결합의 실무 키다.
isInverse,http://mafest.ai/product#isInverse,DP,rdb,raw,ETF,http://www.w3.org/2001/XMLSchema#boolean,is inverse|인버스·숏 여부,PREF02N001,cu_inverse_short_yn,,,,"인버스·숏 상품 플래그(Y 171건, 결측=일반형). cu_lev_fector가 전량 결측이라 **해외ETF 인버스 질의의 유일한 정형축**이다. 배수(2X·3X)는 상품명·전략 텍스트 파싱으로만 추정된다."
isSellable,http://mafest.ai/product#isSellable,DP,rdb,derived-not-deployed,Bond,http://www.w3.org/2001/XMLSchema#boolean,is sellable|현재 매수 가능 여부,derived:bond_kr_enriched,derived:bond_kr_enriched.is_sellable,pure,build_bond_enrichment.py ← data/csv 원본만,,"판매정보 보유 ∧ 매수가능수량>0 ∧ 원화 ∧ 잔존일수>0 을 모두 만족하는 종목(파생, **254건**). 만기 경과분 38.2%가 섞인 아카이브에서 '지금 살 수 있는 채권'을 골라내는 유일한 축이다."
isinCode,http://mafest.ai/product#isinCode,DP,graph,loaded,n6d8cda17fbb740fcbe8ead3b4f379c40b1,http://www.w3.org/2001/XMLSchema#string,ISIN code|ISIN 코드,PREF02N001,pd_isin_cd,,,,"국제증권식별번호. 외부 holdings 조인의 표준키다. **중복 50종이 존재하므로 유일키(owl:InverseFunctionalProperty)로 선언하지 않는다.** 티커 변경 후 구 레코드가 남은 잔재이며, 상품 URI는 반드시 fp:productCode(pd_itm_no)로 구성한다."
issueDate,http://mafest.ai/product#issueDate,DP,rdb,raw,Bond,http://www.w3.org/2001/XMLSchema#date,issue date|발행일,PRBD01N001,ISU_DT,,,,YYYYMMDD 원본. **sentinel '0' 336건을 결측으로 제외한 뒤 파싱**한다.
issuedAmount,http://mafest.ai/product#issuedAmount,DP,rdb,raw,Bond,http://www.w3.org/2001/XMLSchema#decimal,issued balance|발행잔액,PRBD01N001,ISU_BAL_AMT,,,,발행 잔존 원금(원). 규모 필터축. 0 값이 다수 존재하며 상환 완료 잔재일 가능성이 있어 0은 별도 취급한다.
issuedBy,http://mafest.ai/product#issuedBy,OP,graph,loaded,Bond,Issuer,issued by|발행사,PRBD01N001,PD_PBCM,,,,채권 → 발행기관. **domain이 fp:Bond로만 한정된다.** 'VOO(ETF)가 직접 발행한 회사채' 같은 질의는 주어가 fp:ETF이고 fp:ETF는 fp:Bond와 owl:disjointWith이므로 도메인 위반이 확정되어 ABSTAIN(엔티티 유형이 관계의 도메인·레인지와 불일치)으로 판정한다. ETF의 발행 주체를 묻는 질의는 fp:managedBy로 유도한다.
issuedByCompany,http://mafest.ai/product#issuedByCompany,OP,graph,loaded,Security,Company,issued by company|증권 발행기업,,,,,,"편입증권 → 발행 기업. ETF→편입증권→기업→자회사→산업/테마 경로의 두 번째 간선이다. DART corpCode 마스터로 편입증권 1,306종이 발행 기업에 연결되어 있다(우선주는 보통주 발행사로 귀속, holding_code_map.csv)."
kofiaClassCode,http://mafest.ai/product#kofiaClassCode,DP,rdb,raw,PublicFund,http://www.w3.org/2001/XMLSchema#string,KOFIA fund class code|금투협 펀드분류코드,PRFD01N001,kofia_fd_ccd,,,,"금융투자협회 20자리 분류코드. **분류 필터축으로 쓰지 않는다** — 자리별 의미가 역추정 가설 단계이고 '0'×20이 22,131행(23.1%)이며 19자리 이상 행도 존재한다. KOFIA 코드 부여기준 문서 확보 전에는 식별자로만 보존한다."
ksdCode,http://mafest.ai/product#ksdCode,DP,graph,loaded,PublicFund,http://www.w3.org/2001/XMLSchema#string,KSD item code|예탁원 종목번호,PRFD01N001,ksd_itm_no,,,,예탁결제원 코드. **국내ETF pd_itm_no와 값이 일치하는 47종이 fp:sameVehicleAs 판정의 직접 근거**다. 펀드 단위 중복 46건이 있다.
leverageFactor,http://mafest.ai/product#leverageFactor,DP,rdb,raw,n262162eb5eeb41f2ba948dd5d654e824b16,http://www.w3.org/2001/XMLSchema#decimal,leverage factor|레버리지 배수,PREF01N001,cu_lev_fector,,,해외ETF는 이 컬럼이 전량 결측이라 국내ETF에서만 정형 필터가 가능하다.,지수 대비 배수. **음수는 인버스**를 뜻한다(-2 = 인버스 2배). 해외ETF는 이 컬럼이 전량 결측이라 국내ETF에서만 정형 필터가 가능하다.
lipperId,http://mafest.ai/product#lipperId,DP,rdb,raw,n6d8cda17fbb740fcbe8ead3b4f379c40b7,http://www.w3.org/2001/XMLSchema#string,Lipper fund ID|Lipper 펀드 ID,PREF02N001,pd_lipper_id,,,,LSEG Lipper 식별자. 외부 펀드 DB 조인키이며 ISIN 중복 50종과 동일 종목군에서 50건 중복한다. 유일키로 쓰지 않는다.
listingDate,http://mafest.ai/product#listingDate,DP,rdb,raw,n327921788c8b4f9196f55c429df2d4b2b35,http://www.w3.org/2001/XMLSchema#date,listing date|상장일,PREF01N001|PREF02N001,pd_lstg_dt,,,,거래 가능 개시일. '최근 상장 ETF' 질의축이다.
managedBy,http://mafest.ai/product#managedBy,OP,rdb,raw,n327921788c8b4f9196f55c429df2d4b2b4,AssetManager,managed by|운용사,PREF01N001|PREF02N001|PRFD01N001,cu_fund_mgmt_co|or_co_xtn_itt_cd,,,,ETF·ETN·펀드 → 운용사(ETN은 발행 증권사). 채권은 운용사 개념이 없으므로 domain에서 제외한다.
managerItemCode,http://mafest.ai/product#managerItemCode,DP,rdb,raw,PublicFund,http://www.w3.org/2001/XMLSchema#string,manager item code|운용사 종목번호,PRFD01N001,mtco_itm_no,,,,"**클래스 → 모펀드 그룹핑의 정본 키**(11,139종 → 4,661그룹). 선행 따옴표 65행과 길이 불균일(1~10자, 표준 7자)이 있어 strip('""') + zfill(7) 정규화가 선행되어야 하며 '0000000' 13건은 sentinel이다."
maturityBucket,http://mafest.ai/product#maturityBucket,DP,rdb,derived-not-deployed,Bond,http://www.w3.org/2001/XMLSchema#string,maturity bucket|잔존만기 구간,derived:bond_kr_enriched,derived:bond_kr_enriched.maturity_bucket,pure,build_bond_enrichment.py ← data/csv 원본만,,만기경과 / 1년미만 / 1-3년 / 3-5년 / 5-10년 / 10년이상 / 미상(파생). fp:hasMaturityClass 개체 매핑의 소재다.
maturityDate,http://mafest.ai/product#maturityDate,DP,rdb,raw,Bond,http://www.w3.org/2001/XMLSchema#date,maturity date|만기일,PRBD01N001,MAT_DT,,,,잔존만기 계산의 기준. **sentinel '0' 316건과 '99991231' 4건(영구채)을 제외**하고 파싱한다. 만기 경과 종목이 38.2% 섞여 있어 '지금 살 수 있는' 질의에는 만기 필터가 선행되어야 한다.
metricName,http://mafest.ai/product#metricName,DP,rdb,derived-not-deployed,MetricSnapshot,http://www.w3.org/2001/XMLSchema#string,metric name|수치 항목명,derived:metric_snapshot,derived:metric_snapshot.metric_name,planned,생산 스크립트 없음,,"스냅샷이 담는 수치의 이름(nav, aum, return_1y 등)."
metricUnit,http://mafest.ai/product#metricUnit,DP,rdb,derived-not-deployed,MetricSnapshot,http://www.w3.org/2001/XMLSchema#string,metric unit|수치 단위,derived:metric_snapshot,derived:metric_snapshot.metric_unit,planned,생산 스크립트 없음,,KRW·USD·percent 등. 도메인 간 순자산 비교 시 단위 변환의 근거다.
metricValue,http://mafest.ai/product#metricValue,DP,rdb,derived-not-deployed,MetricSnapshot,http://www.w3.org/2001/XMLSchema#decimal,metric value|수치 값,derived:metric_snapshot,derived:metric_snapshot.metric_value,planned,생산 스크립트 없음,,스냅샷 수치의 값. 단위는 fp:metricUnit으로 함께 제시한다.
navBaseDate,http://mafest.ai/product#navBaseDate,DP,rdb,raw,ETF,http://www.w3.org/2001/XMLSchema#date,NAV base date|NAV 기준일,PREF02N001,du_nav_base_dt,,,,NAV 산출 기준일(전 행 2026-06-14). **종가 기준일과 항상 다르다**(du_base_dt_match_yn 전 행 N). 가격과 NAV를 함께 제시하는 답변은 두 기준일을 각각 표기해야 한다.
netAssets,http://mafest.ai/product#netAssets,DP,rdb,raw,Product,http://www.w3.org/2001/XMLSchema#decimal,net assets|순자산총액,PREF01N001|PREF02N001|PRFD01N001,du_last_aum|fd_nast_suma|pd_net_tamt,,,,규모 질의의 표준축. 국내ETF는 pd_net_tamt를 쓴다(du_last_aum은 결측 16.2%로 열등). 해외ETF는 du_last_aum이 유일축(USD). 공모펀드 fd_nast_suma는 **클래스마다 모펀드 값이 반복되므로 itm_no dedup 없이 합산하면 8.54배 과대계상**된다. 통화가 도메인마다 다르므로 합산 전 fp:hasCurrency 확인 필요.
onSale,http://mafest.ai/product#onSale,DP,rdb,raw,Product,http://www.w3.org/2001/XMLSchema#boolean,on sale|판매 가능 여부,PREF01N001,pd_sale_yn,,,해외ETF는 전량 1이라 필터로 기능하지 못한다.,당사 판매 가능 여부. 국내ETF pd_sale_yn은 1/0 표기(Y/N 아님). **해외ETF는 전량 1이라 필터로 기능하지 못한다**. 채권은 판매 8컬럼이 완전 이분법이라 fp:isSellable 파생값을 쓴다.
organizationName,http://mafest.ai/product#organizationName,DP,graph,loaded,Organization,http://www.w3.org/2001/XMLSchema#string,organization name|기관명,PRBD01N001|PREF01N001|PREF02N001,PD_PBCM|cu_fund_mgmt_co,,,,"기관 정규 명칭. 원본 문자열은 법인격 표기가 흔들리므로(한국투자/한국투자증권(주), BlackRock Fund Advisors/LP) 정규화 후 값을 넣고 원표기는 skos:altLabel로 남긴다."
overseasScope,http://mafest.ai/product#overseasScope,DP,rdb,raw,PublicFund,http://www.w3.org/2001/XMLSchema#string,overseas scope|해외투자 구분,PRFD01N001,ovrs_fd_desc,,,,"투자 대상 소재(해외 51,628 / 국내 33,107 / 국내외혼합 10,818). fp:hasInvestmentRegion과 상호보완적으로 쓴다."
ownershipPct,http://mafest.ai/product#ownershipPct,DP,graph,loaded,SubsidiaryRelation,http://www.w3.org/2001/XMLSchema#decimal,ownership percentage|지분율,derived:company_subsidiary,derived:company_subsidiary.ownership_pct,external,build_company_relations.py ← DART 지배구조,,"기말 지분율(%). 원천 결측 2,378행은 트리플 자체를 생성하지 않는다(0으로 채우면 '지분 없음'이라는 거짓 신호가 된다). 지분율만으로 지배 여부를 단정하지 않으며 답변에는 fp:asOf 공시 기준일을 함께 제시한다."
pensionRiskCategory,http://mafest.ai/product#pensionRiskCategory,DP,rdb,raw,n262162eb5eeb41f2ba948dd5d654e824b28,http://www.w3.org/2001/XMLSchema#string,pension risk category|연금 위험자산 구분,PREF01N001,pd_pen_risk_nm,,,,연금계좌 편입 시 위험자산 한도(70%) 판정 구분(위험자산 788 / 안전자산 214). **'N' 732건은 구분값이 아니라 '연금거래 불가'**이며 fp:pensionTradable=false와 정확히 대응하므로 분류값으로 해석하면 안 된다.
pensionTradable,http://mafest.ai/product#pensionTradable,DP,rdb,raw,n262162eb5eeb41f2ba948dd5d654e824b25,http://www.w3.org/2001/XMLSchema#boolean,pension tradable|연금계좌 거래 가능,PREF01N001,pd_pen_tr_yn,,,,"연금저축·IRP 계좌 매매 가능 여부(Y 1,002 / N 732). '연금저축으로 살 수 있는' 질의의 직접 축이다."
productCode,http://mafest.ai/product#productCode,DP,graph,loaded,Product,http://www.w3.org/2001/XMLSchema#string,product code|상품번호,PRBD01N001|PREF01N001|PREF02N001|PRFD01N001,PD_NO|itm_no|pd_itm_no,,,,"도메인별 정본 식별자. 채권 PD_NO(ISIN형 12자리, 중복 0), 국내ETF pd_itm_no(중복 0), 해외ETF pd_itm_no(로이터 RIC, 중복 0), 공모펀드 itm_no. 상품 URI의 소재다."
productGroup,http://mafest.ai/product#productGroup,DP,rdb,raw,n262162eb5eeb41f2ba948dd5d654e824b13,http://www.w3.org/2001/XMLSchema#string,product group|상품군 종류,PREF01N001|PREF02N001,pd_grp_no,,,,ETF / ETN 판별의 **유일 신뢰축**. 이 값으로 fp:ETF·fp:ETN 클래스를 확정한 뒤 모든 집계를 수행한다.
productName,http://mafest.ai/product#productName,DP,graph,loaded,Product,http://www.w3.org/2001/XMLSchema#string,product name|상품명,PRBD01N001|PREF01N001|PREF02N001|PRFD01N001,PD_NM|itm_nm|pd_nm,,,,"정식 명칭. 자연어 질의가 상품을 지목하는 주 통로이므로 **완전일치를 우선**하고 부분일치 유사명으로 대체하지 않는다('KODEX 200' 부분일치 14건, 'KODEX AI로봇' 유사명 18건이 오탐 원인)."
productShortName,http://mafest.ai/product#productShortName,DP,graph,loaded,Product,http://www.w3.org/2001/XMLSchema#string,product short name|상품약어명,PREF01N001|PREF02N001|PRFD01N001,itm_abrv_nm|pd_abrv_nm,,,,"축약 명칭. 국내ETF는 선두 토큰이 브랜드(KODEX/TIGER/RISE…), 해외ETF는 미국 티커, 펀드는 클래스 접미를 포함한다."
ratingAgencyCount,http://mafest.ai/product#ratingAgencyCount,DP,rdb,derived-not-deployed,Bond,http://www.w3.org/2001/XMLSchema#integer,rating agency count|평가사 등급 개수,derived:bond_kr_enriched,derived:bond_kr_enriched.evco_grd_count,pure,build_bond_enrichment.py ← data/csv 원본만,,PD_EVCO_CRD_GRD에 담긴 등급 개수(파생). 1개 이하면 일치 판정이 불가능하다.
ratingAgreement,http://mafest.ai/product#ratingAgreement,DP,rdb,derived-not-deployed,Bond,http://www.w3.org/2001/XMLSchema#string,rating agreement|평가사 등급 일치 여부,derived:bond_kr_enriched,derived:bond_kr_enriched.evco_grd_agree,pure,build_bond_enrichment.py ← data/csv 원본만,,"복수 평가사 등급이 모두 같으면 Y, 다르면 N, 판정 불가면 공란(파생). 등급 불일치 286건은 답변 시 함께 표기해야 한다."
ratingRank,http://mafest.ai/product#ratingRank,DP,rdb,derived-not-deployed,CreditRating,http://www.w3.org/2001/XMLSchema#integer,credit rating rank|신용등급 서열,derived:bond_kr_enriched,derived:bond_kr_enriched.crd_grd_rank,pure,build_bond_enrichment.py ← data/csv 원본만,,1=AAA(최상) … 19=C(최하). 'AA- 이상'은 fp:ratingRank <= 4로 판정한다. data/enriched/bond_kr_enriched.csv의 crd_grd_rank와 동일 체계이므로 RDB 선필터와 온톨로지 판정 결과가 일치한다.
ratingStatus,http://mafest.ai/product#ratingStatus,OP,graph,loaded,n327921788c8b4f9196f55c429df2d4b2b1,RatingStatus,rating status|신용등급 상태,PRBD01N001,CRD_GRD|STD_PD_MCLS_NM,,,,"등급이 없을 때 그 이유를 구분한다. **판정 규칙: STD_PD_MCLS_NM이 '국공채' 또는 '개인투자용국채'이면서 CRD_GRD가 결측이면 fp:UnratedByDesign(미평가가 정상), '회사채'·'특수채'이면서 결측이면 fp:RatingUnknown(데이터 없음), 등급이 있으면 fp:Rated.** 실측 근거: 국공채 2,137건·개인투자용국채 49건은 결측률 100%, 회사채 14,241건(45.3%)·특수채 1,214건(13.9%)이 결측. 판매 가능 채권 254건 중 등급 결측 204건은 **전부 국공채**이고 판매 가능한 회사채 42건·특수채 8건은 결측 0건이다. 답변 규칙: 'AA- 이상' 등 등급 조건 질의에서 fp:UnratedByDesign 종목은 등급 필터에서 제외하되 결과에 '미평가(국채)'로 표기하고, fp:RatingUnknown 종목만 '등급 정보 확인 불가'로 답한다. 이 상태값은 유효한 값이므로 존재하지 않는 등급 문자열(AAAA)에 대한 ABSTAIN_INVALID_TAXONOMY 판정과 혼동하지 않는다."
relatedToTheme,http://mafest.ai/product#relatedToTheme,OP,graph,loaded,n327921788c8b4f9196f55c429df2d4b2b15,Theme,related to theme|테마 연관,derived:etf_theme,theme,pure,build_etf_enrichment.py:40 ← data/csv 원본만,,"상품·기업 → 테마. 원천은 data/relations/etf_theme.csv(국내ETF 1,099종 × 176테마). **as_of가 공란이다** — LSEG 수집 시점이 확인되지 않아 추정 날짜를 채워 넣지 않았다(거짓 기준일 방지). 따라서 '특정 기간에 발생한 테마 연결' 질의는 이 관계만으로 답할 수 없다. 상품명에 테마어가 있다는 사실만으로 관계를 확정하지 않는다."
remainingDays,http://mafest.ai/product#remainingDays,DP,rdb,derived-not-deployed,Bond,http://www.w3.org/2001/XMLSchema#integer,remaining days|잔존일수,derived:bond_kr_enriched,REMAINING_DAYS|derived:bond_kr_enriched.remaining_days,pure,build_bond_enrichment.py ← data/csv 원본만,,"기준일 대비 만기까지 일수(파생). '잔존 3년 이내' 질의축이며 3년 = 1,095일로 환산한다. **음수는 만기 경과를 뜻하므로 필터에서 배제**한다. 원본 REMAINING_DAYS는 25.1% 결측이라 MAT_DT에서 2026-07-11 기준으로 재계산한 파생값을 정본으로 쓴다."
representativeKsdCode,http://mafest.ai/product#representativeKsdCode,DP,rdb,raw,PublicFund,http://www.w3.org/2001/XMLSchema#string,representative KSD code|대표 예탁원 종목번호,PRFD01N001,rptt_ksd_itm_no,,,,"대표(모)펀드 예탁원 코드. **sentinel 2종('KR0000000000' 1,525행, '000000000000' 976행, 합 2.6%)을 제외**해야 한다. 그룹핑 신뢰도는 fp:managerItemCode가 더 높다."
return18M,http://mafest.ai/product#return18M,DP,rdb,raw,PublicFund,http://www.w3.org/2001/XMLSchema#decimal,18-month return|18개월 수익률,PRFD01N001,fd_mm18_ern_r,,,,최근 18개월 수익률(%). ETF에는 없는 구간이라 domain을 펀드로 한정한다.
return1M,http://mafest.ai/product#return1M,DP,rdb,raw,Product,http://www.w3.org/2001/XMLSchema#decimal,1-month return|1개월 수익률,PREF01N001|PRFD01N001,du_er_1m|fd_mm1_ern_r,,,,최근 1개월 수익률(%). 국내ETF du_er_1m의 -100.00은 신규상장 잔재 이상치이므로 순위 질의 시 하한 필터가 필요하다.
return1W,http://mafest.ai/product#return1W,DP,rdb,raw,Product,http://www.w3.org/2001/XMLSchema#decimal,1-week return|1주 수익률,PRFD01N001,fd_wk1_ern_r,,,,최근 1주 수익률(%). 공모펀드에만 존재한다.
return1Y,http://mafest.ai/product#return1Y,DP,rdb,raw,Product,http://www.w3.org/2001/XMLSchema#decimal,1-year return|1년 수익률,PREF01N001|PRFD01N001,du_er_1y|fd_yr1_ern_r,,,해외ETF는 du_er_1d가 전량 0으로 미계산이라 수익률 축 자체가 없다 — 해외ETF 성과 질의는 답변 불가다.,최근 1년 수익률(%). 성과 질의 최빈축. **해외ETF는 du_er_1d가 전량 0으로 미계산이라 수익률 축 자체가 없다** — 해외ETF 성과 질의는 답변 불가다.
return2Y,http://mafest.ai/product#return2Y,DP,rdb,raw,PublicFund,http://www.w3.org/2001/XMLSchema#decimal,2-year return|2년 수익률,PRFD01N001,fd_yr2_ern_r,,,,최근 2년 수익률(%). 공모펀드 전용 구간.
return3M,http://mafest.ai/product#return3M,DP,rdb,raw,Product,http://www.w3.org/2001/XMLSchema#decimal,3-month return|3개월 수익률,PREF01N001|PRFD01N001,du_er_3m|fd_mm3_ern_r,,,,최근 3개월 수익률(%). -100.00 이상치 필터 필요.
return3Y,http://mafest.ai/product#return3Y,DP,rdb,raw,PublicFund,http://www.w3.org/2001/XMLSchema#decimal,3-year return|3년 수익률,PRFD01N001,fd_yr3_ern_r,,,,최근 3년 수익률(%). 공모펀드 전용 구간.
return5Y,http://mafest.ai/product#return5Y,DP,rdb,raw,PublicFund,http://www.w3.org/2001/XMLSchema#decimal,5-year return|5년 수익률,PRFD01N001,fd_yr5_ern_r,,,,최근 5년 수익률(%). 결측 46.8%는 설정 5년 미만 펀드다.
return6M,http://mafest.ai/product#return6M,DP,rdb,raw,Product,http://www.w3.org/2001/XMLSchema#decimal,6-month return|6개월 수익률,PREF01N001|PRFD01N001,du_er_6m|fd_mm6_ern_r,,,,최근 6개월 수익률(%). -100.00 이상치 필터 필요.
returnYTD,http://mafest.ai/product#returnYTD,DP,rdb,raw,ETF,http://www.w3.org/2001/XMLSchema#decimal,year-to-date return|연초이후 수익률,PREF01N001,du_er_ytd,,,,연초 이후 수익률(%). 국내ETF에만 존재한다.
riskGradeLabel,http://mafest.ai/product#riskGradeLabel,DP,rdb,raw,PublicFund,http://www.w3.org/2001/XMLSchema#string,risk grade label|위험등급명(제로인),PRFD01N001,zrin_fd_ivst_risk_grd_nm,,,,"제로인 위험등급명. **공백 표기가 흔들린다**('높은 위험' 29,088 vs '높은위험' 163). 공백 제거 정규화 후 코드(1~6)를 정본으로 삼고, 서열 비교는 fp:hasRiskGrade 개체의 fp:riskGradeLevel로 한다."
riskGradeLevel,http://mafest.ai/product#riskGradeLevel,DP,rdb,raw,RiskGrade,http://www.w3.org/2001/XMLSchema#integer,risk grade level|위험등급 수준,PRBD01N001|PREF01N001|PRFD01N001,PD_RISK_GCD|pd_risk_cd|zrin_fd_ivst_risk_gcd,,,,1=최고위험 … 6=최저위험. 채권·국내ETF·공모펀드 세 도메인의 서열 방향이 모두 같다.
saleStatus,http://mafest.ai/product#saleStatus,DP,rdb,raw,PublicFund,http://www.w3.org/2001/XMLSchema#string,sale status|판매 상태,PRFD01N001,sale_yn,,,,"판매중 / 판매완료(펀드 단위 8,445 / 2,693). 판매 상태의 정본 축이다. **수익률이 전 구간 결측인 3,536종(31.7%)은 대부분 판매완료 잔존 레코드**이므로 성과 랭킹 질의에서 자동 배제된다."
sameVehicleAs,http://mafest.ai/product#sameVehicleAs,OP,graph,loaded,Product,Product,same vehicle as|동일 상품,PREF01N001|PRFD01N001,ksd_itm_no|pd_itm_no,,,,표기·데이터셋이 달라도 실체가 같은 상품을 잇는 대칭 관계. 실측 근거: 공모펀드 ksd_itm_no와 국내ETF pd_itm_no가 일치하는 **47종**(예: 펀드 KR5114601001 '삼성KODEX200증권상장지수투자신탁[주식]' ↔ ETF KR7069500007 'KODEX 200'). 중복 노출·중복 계상 방지의 근거다. owl:sameAs를 쓰지 않는 이유: fp:ETF와 fp:PublicFund는 owl:disjointWith이므로 동일 개체로 병합하면 모순이 된다. 두 레코드는 별개 노드로 두고 이 관계로만 잇는다.
securityCode,http://mafest.ai/product#securityCode,DP,graph,loaded,Security,http://www.w3.org/2001/XMLSchema#string,security code|증권 종목코드,derived:etf_holding,derived:etf_holding.holding_code_raw,external,build_etf_holding.py ← 운용사 사이트 수집분,,"편입증권의 식별 코드. 국내 종목은 6자리 ticker, 그 외는 원천 표기(ISIN·Bloomberg 티커)를 그대로 쓴다. **KR7로 시작하는 국내 ISIN은 ticker6(KR7247540008 → 247540)로 접어 같은 증권을 한 노드로 합친다** — 접지 않으면 같은 종목이 운용사별로 다른 노드가 되어 '이 종목을 담은 ETF' 질의가 누락된다."
soldByFirm,http://mafest.ai/product#soldByFirm,DP,rdb,raw,PublicFund,http://www.w3.org/2001/XMLSchema#boolean,sold by firm|당사 취급 여부,PRFD01N001,thco_sale_yn,,,,당사 판매 취급 여부. **'N' 값이 존재하지 않고 Y와 결측만 있으므로 결측(4.2%)을 '미취급'으로 해석**한다. 이상값 1건은 파싱 붕괴 행이다.
sourceId,http://mafest.ai/product#sourceId,DP,graph,loaded,n327921788c8b4f9196f55c429df2d4b2b48,http://www.w3.org/2001/XMLSchema#string,source id|출처 식별자,derived:relations,derived:relations.source,planned,"generic 관계 유효기간 계층, 미구현",,"관계·수치의 출처 표시(RDB=주최측 값, LSEG 등=외부 보완). 관계 테이블의 source 컬럼을 그대로 승계한다."
standardItemCode,http://mafest.ai/product#standardItemCode,DP,rdb,raw,PublicFund,http://www.w3.org/2001/XMLSchema#string,standard item code|표준종목번호,PRFD01N001,std_itm_no,,,,보조 식별자. **'KR5…'와 'K55…' 두 형식이 혼재**하고 펀드 단위 중복 11건·결측 66행이 있어 정본 식별자로 쓰지 않는다(정본은 fp:productCode = itm_no).
strategyText,http://mafest.ai/product#strategyText,DP,vector,pending-embedding,ETF,http://www.w3.org/2001/XMLSchema#string,strategy text|투자전략 원문,PREF02N001,cu_strtegy,,,,"**enum이 아니라 평균 309자의 서술형 투자전략 문단**이다(고유 5,566종, 결측 0.1%). 국내ETF의 동명 컬럼(4값 코드)과 이름만 같고 성격이 완전히 다르므로 정형 필터로 쓸 수 없고 벡터 인덱싱해 RAG 근거 텍스트로 소비한다. 4개 도메인 통틀어 테마·전략 질의의 가장 풍부한 근거 자산이다."
subsidiaryCompany,http://mafest.ai/product#subsidiaryCompany,OP,graph,loaded,SubsidiaryRelation,Company,subsidiary company|피출자 기업,,,,,,출자관계 노드 → 피출자(자회사) 기업. fp:hasSubsidiary·fp:ownershipPct·fp:asOf와 함께 하나의 출자 사실을 구성한다.
subsidiaryOf,http://mafest.ai/product#subsidiaryOf,OP,none,unavailable,Company,Company,subsidiary of|자회사 관계,,,,,,"자회사 → 모회사. 지배구조 데이터(DART) 미수집으로 인스턴스 없음. 손자회사까지 추적하려면 다단계 탐색으로 처리하며, 전이성(owl:TransitiveProperty)은 지분율 기준이 관계마다 달라 선언하지 않는다."
supportedBy,http://mafest.ai/product#supportedBy,OP,vector,pending-collection,n327921788c8b4f9196f55c429df2d4b2b22,Document,supported by|근거문서,,,,,,관계·주장 → 이를 지지하는 문서. 근거가 없는 관계는 답변에 포함하지 않는다. 문서에 함께 언급되었다는 사실만으로 편입·모자회사·테마 관계를 확정하지 않는다.
themeName,http://mafest.ai/product#themeName,DP,rdb,derived-not-deployed,Theme,http://www.w3.org/2001/XMLSchema#string,theme name|테마명,derived:etf_theme,derived:etf_theme.theme,pure,build_etf_enrichment.py:40 ← data/csv 원본만,,테마 명칭. 원천 표기를 그대로 쓴다('우주항공/방산'처럼 슬래시 결합 테마가 있어 '우주'·'항공' 분리 검색은 성립하지 않는다).
ticker,http://mafest.ai/product#ticker,DP,graph,loaded,n6d8cda17fbb740fcbe8ead3b4f379c40b10,http://www.w3.org/2001/XMLSchema#string,ticker|티커,PREF02N001,pd_abrv_nm,,,,"미국 상장 티커(VOO·SPY·BND 등). **자연어 질의가 해외ETF를 지목하는 1순위 표현**이며 정규 컬럼은 pd_abrv_nm이다. pd_itm_no에는 거래소 접미(.O = 나스닥, 4,972건)가 붙을 수 있어 티커 매칭에 그대로 쓰면 안 된다. pd_abrv_nm에도 중복 5건이 있어 단독 URI로는 부적합하다."
tracksIndex,http://mafest.ai/product#tracksIndex,OP,rdb,raw,n327921788c8b4f9196f55c429df2d4b2b8,Index,tracks index|기초지수 추종,PREF01N001|PREF02N001|PRFD01N001,bmrk_nm|cu_base_index,,,,"ETF·ETN → 기초지수, 펀드 → 벤치마크. 국내ETF는 cu_base_index가 95.2% 결측이라 사실상 공급이 끊겨 있고, 공모펀드 bmrk_nm(391종, 결측 0%)이 실질 주 공급원이다. 복합 벤치마크('MSCI ACWI CR 50% + 종합채권01Y 50%')는 지수 여러 개로 분해해 다중 연결한다. 지수명 별칭은 skos:altLabel로 묶는다."
tradingSuspended,http://mafest.ai/product#tradingSuspended,DP,rdb,raw,n262162eb5eeb41f2ba948dd5d654e824b22,http://www.w3.org/2001/XMLSchema#boolean,trading suspended|거래정지 여부,PREF01N001,pd_tr_yn,,,해외ETF는 전량 0이라 이 축이 없다.,1=정지(72건). 매수 가능 상품 조건검색에서 제외 필터로 쓴다. 해외ETF는 전량 0이라 이 축이 없다.
validFrom,http://mafest.ai/product#validFrom,DP,rdb,derived-not-deployed,n327921788c8b4f9196f55c429df2d4b2b42,http://www.w3.org/2001/XMLSchema#date,valid from|유효 시작일,derived:relations,derived:relations.valid_from,planned,"generic 관계 유효기간 계층, 미구현",,관계·수치가 유효해지는 시점. 기간 필터 질의('2026년 상반기에 새로 편입된')에 필요하다.
validTo,http://mafest.ai/product#validTo,DP,rdb,derived-not-deployed,n327921788c8b4f9196f55c429df2d4b2b45,http://www.w3.org/2001/XMLSchema#date,valid to|유효 종료일,derived:relations,derived:relations.valid_to,planned,"generic 관계 유효기간 계층, 미구현",,관계·수치가 만료되는 시점. 값이 없으면 현재 유효로 해석한다.
weight,http://mafest.ai/product#weight,DP,graph,loaded,Holding,http://www.w3.org/2001/XMLSchema#decimal,weight|편입비중,derived:etf_holding,derived:etf_holding.weight,external,build_etf_holding.py ← 운용사 사이트 수집분,,편입관계의 비중(%). 반드시 fp:asOf 기준일과 함께 제시한다. 현재 편입 데이터가 0건이라 값 없음.
