id,type,evaluation_type,answerability,product_category,difficulty,question,required_evidence,expected_behavior,data_status,golden_answer,evidence,external_needed,note_vs_0711
1,단순조회_채권속성,PASS_OR_FAIL,답변가능,채권,하,"최신 상품정보 갱신일 기준으로 에스케이하이닉스224-2의 발행사, 신용등급, 표면금리, 만기일, 매수수익률과 매수가능수량을 알려줘. 답변에는 상품번호, 기준일과 각 값의 근거 컬럼을 함께 제시해줘.",상품번호; 갱신일; 발행사; 원신용등급; 금리·만기·수익률·수량 컬럼,ANSWER,부분산출,"상품번호 KR6000662D25 / 발행사 에스케이하이닉스(주) / 신용등급 AA+(평가일 20260305) / 표면금리 4.266% / 만기일 20280214 / 매수수익률 (값없음) / 매수가능수량 → 주최측이 무효 처리한 컬럼이므로 제시하지 않고, '만기 미도래이므로 구매 가능'(예)으로 답한다. 장내/장외 1행 존재.",bond.pd_no·pd_pbcm·crd_grd·crd_grd_dt·srfc_irt·mat_dt·buy_yield / info_base_dt=20260821,,07-11 21건 → 08-24 17건. buyable_quantity 무효화로 질문의 마지막 항목은 답 대신 사유를 제시해야 함
2,단순조회_채권속성,PASS_OR_FAIL,답변가능,채권,하,"국고채권 02000-3106(21-5)의 발행일, 만기일, 잔존일수, 표면금리와 세후수익률을 알려줘. 상품번호와 데이터 갱신일을 근거로 붙여줘.",상품번호; 발행일; 만기일; 잔존일수; 표면금리; 세후수익률; 갱신일,ANSWER,산출가능,"상품번호 KR103502GB66 / 발행일 20210610 / 만기일 20310610 / 잔존일수 1754일 / 표면금리 2% / 세후수익률 3.9279% / 데이터 갱신일 20260821(info_base_dt=pd_std_info_update). 참고: 발행사 대한민국, 분류 국공채>국고채, 고정금리·이표채, 신용등급 (미평가 — 국채는 평가 대상 아님)",bond.pd_no·isu_dt·mat_dt·remaining_days·srfc_irt·after_tax_yield·info_base_dt / info_base_dt=20260821,,★ 원 문항의 '개인투자용국채 02480-3006'은 08-24 배포본에 없다('개인투자용국채' 종목군 전체가 0건) → 동일 성격 국고채로 교체함. 이 종목은 2행(장내/장외)으로 적재되어 있고 세후수익률은 판매 게시 행에만 존재한다(유효값 ['3.9279']) — 답변 시 어느 행 기준인지 밝혀야 한다. 국채는 신용등급이 결측인 것이 정상이므로 'RatingUnknown'이 아니라 'UnratedByDesign'으로 표기
3,단순조회_채권분류,PASS_OR_FAIL,답변가능,채권,하,"현대해상화재보험7(후)(콜/후)의 채권 종류, 발행사, 신용등급, 만기구분, 듀레이션을 알려줘. 원본 등급값과 온톨로지 분류값을 함께 제시해줘.",상품번호; 발행사; 원등급; 정규화 등급; 채권·만기 분류; 듀레이션,ANSWER,산출가능,상품번호 KR6001451F34 / 채권종류 보험회사채(대분류 회사채) / 발행사 현대해상화재보험(주) / 원등급 AA0 → 온톨로지 등급서열 2 / 이자지급 이표채 / 금리구분 고정금리 / 만기일 20350327 / 만기구분(발행시) LongTerm / 듀레이션 4.3459 / 담보유형 Subordinated(상품명 '(후)' 토큰),bond.pd_no·bd_knd·std_pd_mcls_nm·pd_pbcm·crd_grd·bd_intp_tcd·bd_inrt_tcd·mat_dt·isu_dt·dur / info_base_dt=20260821,,bd_intp_tcd·bd_inrt_tcd 신설로 이자구조를 상품명 파싱 없이 답할 수 있게 됨
4,단순조회_국내ETF속성,PASS_OR_FAIL,답변가능,국내ETF,하,"KODEX 200의 운용사, 기초지수, 현재 AUM, NAV, 종가, 괴리율과 1년 수익률을 알려줘. 상품번호와 각 수치의 기준일을 함께 제시해줘.",상품번호; 운용사; 기초지수; AUM·NAV·종가·괴리율·수익률 기준일,ANSWER,산출가능,상품번호 KR7069500007 / 운용사 Samsung Asset Management Co Ltd / 기초지수 KOSPI 200 CR / AUM 25.47조원 / NAV 110190.81 / 종가 109980 / 괴리율 -0.19% / 1년수익률 158.14%,etf_kr.pd_itm_no·ref_fund_mgmt_co·ref_base_index·pd_net_tamt·du_last_nav·du_clpr·du_diff_rt·du_er_1y / 가격·NAV·괴리율 as_of=20260821 · 지수/운용사 as_of=20260822,,★ 07-11에는 기초지수 95% 결측·괴리율 더미라 두 항목 답변 불가였음. 08-24에 둘 다 실값
5,단순조회_국내ETF분류,PASS_OR_FAIL,답변가능,국내ETF,하,"TIGER 미국S&P500의 투자자산군, 투자지역, 운용전략, 복제방식, 총보수와 1·3·6개월 수익률을 알려줘. 분류 근거와 수치 갱신일을 붙여줘.",상품번호; 자산·지역·전략·복제 분류; 보수·수익률; 갱신일,ANSWER,산출가능,상품번호 KR7360750004 / 자산군 주식 / 투자지역 미국 / 운용전략·복제방식 실물복제 / 총보수 0.006% (출처 LSEG Lipper ter) / 1M -3.93% · 3M -5.23% · 6M 6.46%,etf_kr.wu_inv_ast_type·wu_inv_rgn·cu_strtegy·cu_charge_rt(+LSEG ter)·du_er_1m/3m/6m / 수익률 as_of=20260821 · 분류 as_of=20260824,,⚠️ cu_charge_rt가 결측이라 LSEG ter(0.006%)로 대체했는데 이 값은 실제 총보수 대비 비정상적으로 낮다 — 답변 시 출처(LSEG Lipper)와 함께 제시하고 단정하지 말 것. cu_strtegy가 07-11 코드값에서 한글('실물복제'/'액티브'/'합성복제')로 정리됨. 단 운용전략과 복제방식이 여전히 한 컬럼이라 답변에서 분리 설명 필요
6,단순조회_해외ETF속성,PASS_OR_FAIL,답변가능,해외ETF,하,"VOO의 정식 상품명, 기초지수, 운용사, 총보수, AUM, 현재가와 거래량을 알려줘. ISIN, 가격 기준일, AUM 기준일을 근거로 제시해줘.",티커; ISIN; 기초지수; 운용사; 보수; AUM·가격·거래량 기준일,ANSWER,부분산출,"정식명 Vanguard 500 Index Fund;ETF / ISIN US9229083632 / 기초지수 S&P 500 TR / 운용사 Vanguard Capital Management, LLC / 총보수 0.02% / AUM 997.4십억USD / 종가 703.71 USD / 거래량 10712821",etf_gl.pd_nm·pd_isin_cd·cu_base_index·cu_fund_mgmt_co·cu_charge_rt·du_last_aum·du_clpr·du_vol_1d / 종가 as_of=20260821 · NAV as_of=20260822,,ru_mkt_price(현재가)는 기준일 컬럼이 없어 룩어헤드 위험 → du_clpr(기준일 명시)로 답해야 함. du_base_dt_match_yn='N'(종가일≠NAV일)도 함께 고지
7,단순조회_해외ETF전략,PASS_OR_FAIL,답변가능,해외ETF,하,"BND의 투자자산 유형, 투자지역, 기초지수, 지수 복제방식, 운용전략과 총보수를 알려줘. 상품번호와 전략 원문의 출처 필드를 함께 보여줘.",상품번호; 자산·지역; 기초지수; 복제방식; 전략 원문; 총보수,ANSWER,산출가능,"상품번호 BND.O / 자산유형 Bond / 투자지역 United States of America / 기초지수 Bloomberg US Agg Float Adjusted TR / 복제방식 Optimized / 총보수 0.02% / 운용전략 원문은 cu_strtegy(투자설명서 문장, 평균 309자)에서 인용",etf_gl.wu_inv_ast_type·wu_inv_rgn·cu_base_index·cu_index_repl_mthd·cu_charge_rt·cu_strtegy / as_of=20260822,,cu_strtegy는 코드가 아니라 자유 텍스트 — 분류축으로 쓰지 말고 원문 인용
8,단순조회_공모펀드속성,PASS_OR_FAIL,답변가능,공모펀드,하,"미래에셋코어테크증권자투자신탁(주식) 종류A의 펀드 유형, 순자산, 1·3·6개월 및 1년 수익률, 위험등급과 판매 여부를 알려줘. 종목번호와 기준일을 붙여줘.",종목번호; 펀드 유형; 순자산·기간수익률 기준일; 위험등급; 판매 여부,ANSWER,산출가능,"종목번호 KR5153450780 / 펀드유형 주식형 / 순자산 7,348억원 / 1M 3.32% · 3M -9.64% · 6M 30.39% · 1Y 187.94% / 위험등급 매우 높은 위험(코드 1) / 판매 판매중·당사취급 Y / 클래스 수수료선취-오프라인",fund.itm_no·or_attr_desc·fd_nast_suma·fd_mm1/3/6_ern_r·fd_yr1_ern_r·zrin_fd_ivst_risk_*·sale_yn·thco_sale_yn / as_of=20260821,,동일 모펀드 클래스 10종 존재 — 클래스 지정 없이 답하면 중복 계상
9,단순조회_공모펀드분류,PASS_OR_FAIL,답변가능,공모펀드,중,"삼성 베스트 MMF 법인 제1호의 벤치마크, 통화, 투자지역, 개인·법인 구분, 위험등급과 순자산을 알려줘. 상품 식별번호와 해당 속성의 근거 컬럼을 제시해줘.",상품 식별번호; 벤치마크; 통화; 투자지역; 투자자 구분; 위험등급; 순자산,ANSWER,산출가능,종목번호 KR5014410050(예탁원 KRZ500626190) / 벤치마크 CALL / 통화 KRW / 투자지역 국내 / 개인·법인 법인 / 위험등급 매우 낮은 위험 / 순자산 2.19조원,fund.itm_no·ksd_itm_no·bmrk_nm·curr_cd·fd_ivst_rgn_desc·pers_corp_desc·zrin_fd_ivst_risk_grd_nm·fd_nast_suma / as_of=20260821,,
10,단순조회_펀드클래스비교,PASS_OR_FAIL,답변가능,공모펀드,중,"우리반도체BIG2플러스의 C-P와 C-Pe 클래스가 동일한 모펀드의 클래스인지 확인하고, 클래스별 종목번호·판매 여부·순자산·수익률을 비교해줘. 동일 펀드 판정에 사용한 대표종목번호를 근거로 제시해줘.",클래스별 종목번호; 대표종목번호; 판매 여부; 순자산; 수익률 기준일,ANSWER,산출가능,"동일 모펀드 여부: 예 (대표종목번호 031010005F29). 클래스 2종 — C-P: 종목번호 KR5118430058, 판매 판매중, 순자산 20억원, 1Y 57.61%, 보수 0.740% | C-Pe: 종목번호 KR5118430059, 판매 판매중, 순자산 2,079억원, 1Y 57.9%, 보수 0.540%",fund.rptt_ksd_itm_no(대표종목번호)·itm_no·sale_yn·fd_nast_suma·fd_yr1_ern_r·보수4종 / as_of=20260821,,"대표종목번호 sentinel(KR0000000000·000000000000) 7,073건은 조인 전 반드시 제외"
11,조건검색_채권신용등급,PASS_OR_FAIL,답변가능,채권,하,"최신 갱신일 기준 매수가능수량이 0보다 큰 원화채권 중 신용등급이 AA- 이상인 종목을 알려줘. 상품명, 발행사, 원등급, 만기일, 매수수익률, 매수가능수량과 기준일을 제시해줘.",통화; 매수가능수량; 원등급; 등급 서열; 만기일; 매수수익률; 기준일,ANSWER,정의변경,"주최측이 buyable_quantity를 무효 처리했으므로 '매수가능수량>0' 조건은 적용하지 않는다. 구매가능(만기 미도래)·원화·AA- 이상 = 15,992행 / 고유 15,806종목. 등급 분포 AAA 8,703, AA- 3,512, AA+ 2,537, AA0 1,240. 예시: 중소벤처기업진흥채권 703(사)(AAA, 만기 20300910, 민평 4.233); 한국도로공사고속도로건설채권 946(AAA, 만기 20350508, 민평 4.494); 한국도로공사고속도로건설채권1001(AAA, 만기 20310415, 민평 4.346); 한국도로공사고속도로건설채권1012(AAA, 만기 20310724, 민평 4.376); 한국전력공사채권1108(AAA, 만기 20311216, 민평 4.476)",bond.mat_dt·curr_cd·crd_grd(+등급서열)·applied_yield / info_base_dt=20260821. 매수수익률(buy_yield)은 유효 634행뿐이라 민평수익률(applied_yield)로 대체 제시,,★ 구 정의(buyable_quantity>0)로는 296행/AA-이상 33행. 새 정의로 모집단이 두 자릿수 배 커짐
12,조건검색_국내ETF판매연금,PASS_OR_FAIL,답변가능,국내ETF,하,"현재 판매 중이고 거래정지가 아니며 연금거래가 가능한 국내 ETF를 찾아줘. 상품명, 연금 위험구분, 상품 위험등급, 순자산과 데이터 기준일을 근거로 제시해줘.",판매 여부; 거래정지 여부; 연금거래 여부; 연금 위험구분; 위험등급; 순자산 기준일,ANSWER,산출가능,"1,021종목. 연금위험구분 위험자산 803, 안전자산 218 / 위험등급 높은위험(2등급) 631, 매우높은위험(1등급) 126, 낮은위험(5등급) 96, 보통위험(4등급) 80 / 순자산 합계 423.55조원 · 최대 25.47조원",etf_kr.pd_grp_no='ETF'·pd_sale_yn·pd_tr_yn·pd_pen_tr_yn·pd_lste_dt·pd_pen_risk_nm·pd_risk_nm·pd_net_tamt / 순자산 as_of=20260821,,pd_tr_yn은 0=정상인 역방향 플래그. ETN 545건 제외 필수
13,조건검색_채권복합조건,PASS_OR_FAIL,답변가능,채권,중,"매수 가능한 회사채 중 AA- 이상이고 잔존기간이 3년 이하인 종목을 매수수익률 순으로 상위 10개 알려줘. 등급 서열 규칙, 잔존일수, 수익률, 매수가능수량을 함께 제시해줘.",채권 대분류; 매수가능수량; 원등급과 서열; 잔존일수; 매수수익률; 기준일,ANSWER,정의변경,"구매가능(만기 미도래)·회사채·AA- 이상·잔존 3년 이하 = 8,189종목. 민평수익률 상위 10: 뉴젠에너지제3호1(사모/강제)(AA0, 잔존 728일, 7.318%); 스마트케이제삼차1-1(사모)(AA0, 잔존 486일, 6.989%); 블루스네이크제육차1-2(사모)(AA+, 잔존 859일, 6.972%); 엘씨글로리제이차4(사모/강제)(AA-, 잔존 577일, 6.902%); 뉴에스에프제이차 1-1(사모)(AA0, 잔존 486일, 6.825%); 플로우제일차1-2(사모)(AA+, 잔존 868일, 6.602%); 뉴스텔라제십팔차3-4(사모)(AA+, 잔존 1032일, 6.443%); 뉴스텔라제십팔차3-2(사모)(AA+, 잔존 1025일, 6.286%); 그린이노베이션제이차 1(사모/강제)(AA-, 잔존 675일, 6.262%); 레드홀스제오차1-2(사모)(AA+, 잔존 1091일, 6.024%)",bond.std_pd_mcls_nm·crd_grd(등급서열 AA-=3 이하)·mat_dt(잔존일 재계산)·applied_yield / info_base_dt=20260821,,'매수 가능'을 buyable_quantity가 아닌 만기 미도래로 해석. 매수수익률 대신 민평수익률 사용(전자는 97.1% 결측). ⚠️ 주최측 정의를 그대로 적용하면 사모채(bd_ofr_tcd='사모')도 구매가능에 포함되어 상위 수익률을 점유한다 — 개인 매수 가능성과 다르므로 답변에 공모/사모 구분을 병기하는 편이 안전하다
14,조건검색_채권담보등급,PASS_OR_FAIL,답변가능,채권,중,"담보부 또는 보증채 중 AAA 등급인 종목을 발행잔액 순으로 정리해줘. 상품번호, 발행사, 담보 유형, 원신용등급, 발행잔액과 기준일을 근거로 붙여줘.",상품번호; 발행사; 담보 유형; 원신용등급; 발행잔액; 기준일,ANSWER,부분산출,"담보/보증 근거 컬럼이 없어 bd_knd(유동화회사채·MBS·유동화수익증권)와 상품명 '보증' 토큰으로 근사. AAA 해당 2,858종목. 발행잔액 상위: 에이블이목유동화전문1(콜/강제)(에이블이목유동화전문(유), 유동화회사채, 9,180억원); 한국주택금융공사 MBS2021-25(1-4)(사)(콜)(한국주택금융공사, MBS, 6,200억원); 한국주택금융공사 MBS2021-24(1-4)(사)(콜)(한국주택금융공사, MBS, 6,000억원); 한국주택금융공사 MBS2021-23(1-4)(사)(콜)(한국주택금융공사, MBS, 5,900억원); 한국주택금융공사 MBS2020-4(1-5)(사)(콜)(한국주택금융공사, MBS, 5,500억원); 한국주택금융공사 MBS2021-20(1-4)(사)(콜)(한국주택금융공사, MBS, 5,100억원); 한국주택금융공사 MBS2020-5(1-5)(사)(콜)(한국주택금융공사, MBS, 4,800억원); 한국주택금융공사 MBS2022-1(1-4)(사)(콜)(한국주택금융공사, MBS, 4,400억원)",bond.bd_knd·pd_nm·crd_grd·isu_bal_amt·pd_pbcm / info_base_dt=20260821,,담보 유형 전용 컬럼은 08-24에도 없음. 답변에 '분류 근거는 채권종류+상품명 토큰'임을 명시해야 함
15,조건검색_국내ETF복합조건,PASS_OR_FAIL,답변가능,국내ETF,중,"해외주식에 투자하는 패시브·실물복제·정방향 ETF 중 순자산 1조 원 이상인 상품을 1년 수익률 순으로 5개 알려줘. 보수, 기초지수, AUM 및 수익률 기준일을 제시해줘.",자산·지역·전략·복제·레버리지 분류; AUM; 1년 수익률; 보수; 기준일,ANSWER,산출가능,"조건 충족 22종목. 1년수익률 상위 5: PLUS 글로벌HBM반도체(1Y 409.47%, AUM 1.70조원, 지수 iSelect Global HBM Semiconductor, 보수 0.5%(LSEG)); ACE 글로벌반도체TOP4 Plus(1Y 154.61%, AUM 1.55조원, 지수 Solactive Global Semiconductor TOP 4 Plus CR USD, 보수 0.45%(LSEG)); TIGER 미국필라델피아반도체나스닥(1Y 107.05%, AUM 5.72조원, 지수 Philadelphia SE Semiconductors CR, 보수 0.49%(LSEG)); KODEX 미국반도체(1Y 92.84%, AUM 1.25조원, 지수 MVIS US Listed Semiconductor 25 CR USD, 보수 0.09%(LSEG)); TIGER 미국필라델피아AI반도체나스닥(1Y 76.06%, AUM 1.07조원, 지수 PHLX US AI Semiconductor USD, 보수 0.49%(LSEG))",etf_kr.wu_inv_ast_type·wu_inv_rgn·cu_strtegy·cu_lev_fector·pd_net_tamt·du_er_1y·ref_base_index·cu_charge_rt(+LSEG ter) / AUM·수익률 as_of=20260821 · 지수 as_of=20260822,,cu_strtegy 한 컬럼이 전략·복제방식을 겸하므로 '실물복제'='패시브+실물'로 해석. 정방향은 cu_lev_fector='1'. 총보수는 82.4% 결측이라 LSEG ter 병행
16,조건검색_국내ETF액티브테마,PASS_OR_FAIL,답변가능,국내ETF,중,"섹터·테마형 액티브 ETF 중 순자산 5천억 원 이상인 상품을 찾아 6개월 수익률, 총보수, 위험등급을 비교해줘. 분류 경로와 각 수치의 기준일을 붙여줘.",전략·기초자산범위 분류; AUM; 6개월 수익률; 보수; 위험등급; 기준일,ANSWER,부분산출,"액티브 ETF 358종 중 자산군=주식이고 LSEG 테마가 부여된(=섹터·테마형) 상품이 147종, 그중 AUM 5천억 이상은 14종목이다. TIME 미국나스닥100액티브[IT섹터/나스닥100](AUM 2.42조원, 6M 23.09%, 보수 0.8%(LSEG), 위험 매우높은위험(1등급)); TIGER 배당커버드콜액티브[고배당/구조화](AUM 2.38조원, 6M 15.92%, 보수 0.5%(LSEG), 위험 높은위험(2등급)); TIME 글로벌AI인공지능액티브[AI/IT섹터](AUM 2.11조원, 6M 42.16%, 보수 0.8%(LSEG), 위험 높은위험(2등급)); KODEX 미국배당커버드콜액티브[고배당/구조화](AUM 1.69조원, 6M -1.2%, 보수 0.19%(LSEG), 위험 다소높은위험(3등급)); KODEX 로봇액티브[IT섹터/로봇](AUM 1.11조원, 6M -10.32%, 보수 0.5%(LSEG), 위험 높은위험(2등급)); KODEX 200액티브[KOSPI200/대형주](AUM 1.08조원, 6M 27.02%, 보수 0.15%(LSEG), 위험 높은위험(2등급)); TIGER 반도체TOP10커버드콜액티브[IT섹터/K-반도체](AUM 8,247억원, 6M 값없음%, 보수 0.45%(LSEG), 위험 높은위험(2등급)); TIME Korea플러스배당액티브[고배당/액티브](AUM 7,846억원, 6M -2.78%, 보수 0.8%(LSEG), 위험 높은위험(2등급))",etf_kr.cu_strtegy='액티브'·wu_inv_ast_type·pd_net_tamt·du_er_6m·cu_charge_rt(+LSEG ter)·pd_risk_nm + LSEG themes / as_of=20260821,'섹터·테마형' 축(axis_underlyingScope)이 주최측 데이터에 없어 LSEG themes로 대체(커버율 89.0%). LSEG 미매칭 ETF 136종은 판정 불가,⚠️ cu_strtegy='액티브'만으로 거르면 머니마켓·CD금리 액티브가 상위를 점유해 '섹터·테마'와 무관한 답이 나간다 — 자산군·테마 조건을 반드시 함께 걸어야 한다
17,조건검색_해외ETF저보수대형,PASS_OR_FAIL,답변가능,해외ETF,중,"미국 주식형 ETF 중 AUM이 1천억 달러 이상이고 총보수가 0.05% 이하인 상품을 찾아줘. 상품명, 티커, 기초지수, 복제방식, AUM, 보수와 통화 단위를 제시해줘.",자산·지역; 티커; 기초지수; 복제방식; AUM; 보수; 통화; 기준일,ANSWER,산출가능,"11종목: Vanguard 500 Index Fund;ETF(VOO, 지수 S&P 500 TR, 복제 Full, AUM 997.4십억USD, 보수 0.02%); iShares Core S&P 500 ETF(IVV, 지수 S&P 500 TR, 복제 Optimized, AUM 889.4십억USD, 보수 0.03%); State Street SPDR S&P 500 ETF Trust(SPY, 지수 S&P 500 TR, 복제 Full, AUM 820.1십억USD, 보수 0.0492%); Vanguard Morningstar Total Stock Mkt Ix Fd;ETF(VTI, 지수 Morningstar US Total Stock Market TR USD, 복제 Optimized, AUM 666.9십억USD, 보수 0.02%); Vanguard Morningstar Growth Index Fund;ETF(VUG, 지수 Morningstar US Large Cap Growth TR USD, 복제 Full, AUM 219.5십억USD, 보수 0.03%); Vanguard Morningstar Value Index Fund;ETF(VTV, 지수 Morningstar US Large Cap Value TR USD, 복제 Full, AUM 187.8십억USD, 보수 0.03%); State Street SPDR Portfolio S&P 500 ETF(SPYM.K, 지수 S&P 500 TR, 복제 Optimized, AUM 170.6십억USD, 보수 0.02%); iShares Core S&P Mid-Cap ETF(IJH, 지수 S&P Mid Cap 400 TR, 복제 Optimized, AUM 125.2십억USD, 보수 0.05%); State Street Technology Select Sector SPDR ETF(XLK, 지수 Technology Select Sector TR, 복제 Optimized, AUM 119.7십억USD, 보수 0.03%); Vanguard Dividend Appreciation Index Fund;ETF(VIG, 지수 S&P U.S. Dividend Growers Index USD, 복제 Full, AUM 111.4십억USD, 보수 0.04%)",etf_gl.wu_inv_ast_type·wu_inv_rgn·du_last_aum·cu_charge_rt·cu_base_index·cu_index_repl_mthd / 통화 단위 USD(pd_trd_ccy 전 행 USD) · as_of=20260821,,du_last_aum의 통화 단위 표기가 스키마에 없다 — USD 가정 시 답변에 가정을 명시해야 함
18,조건검색_해외채권ETF,PASS_OR_FAIL,답변가능,해외ETF,중,"해외 채권 ETF 중 총보수가 0.10% 이하인 상품을 AUM 순으로 10개 정리해줘. 기초지수, 투자지역, 복제방식, 현재가·거래량 기준일을 근거로 붙여줘.",자산 유형; 보수; AUM; 기초지수; 투자지역; 복제방식; 가격·거래량 기준일,ANSWER,산출가능,"조건 충족 290종목. AUM 상위 10: Vanguard Total Bond Market Index Fund;ETF(보수 0.02%, AUM 160.9십억USD, 지역 United States of America); iShares Core US Aggregate Bond ETF(보수 0.03%, AUM 138.6십억USD, 지역 United States of America); iShares 0-3 Month Treasury Bond ETF(보수 0.09%, AUM 104.2십억USD, 지역 United States of America); Vanguard Total International Bond Index Fund;ETF(보수 0.06%, AUM 82.7십억USD, 지역 Global Ex US); Vanguard Tax-Exempt Bond Index Fund;ETF(보수 0.02%, AUM 45.8십억USD, 지역 United States of America); Vanguard Short-Term Bond Index Fund;ETF(보수 0.02%, AUM 45.6십억USD, 지역 United States of America); iShares National Muni Bond ETF(보수 0.05%, AUM 45.5십억USD, 지역 United States of America); Vanguard Short-Term Corporate Bond Idx Fd;ETF(보수 0.02%, AUM 45.0십억USD, 지역 United States of America); iShares US Treasury Bond ETF(보수 0.05%, AUM 44.3십억USD, 지역 United States of America); iShares Core Universal USD Bond ETF(보수 0.05%, AUM 43.6십억USD, 지역 United States of America)",etf_gl.wu_inv_ast_type='Bond'·cu_charge_rt·du_last_aum·cu_base_index·wu_inv_rgn·cu_index_repl_mthd / 가격·거래량 as_of=20260821(종가) / 20260822(갱신),,기초지수는 실질 결측 48.6%(sentinel 문자열) — 결측 종목은 '미제공'으로 명시
19,조건검색_공모펀드수익률,PASS_OR_FAIL,답변가능,공모펀드,중,"판매 중인 공모펀드 가운데 1년 수익률이 양수이고 순자산이 1천억 원 이상인 상품을 수익률 순으로 알려줘. 환헤지 여부, 투자지역, 위험등급과 기준일을 함께 제시해줘.",공모·판매 여부; 1년 수익률; 순자산; 환헤지; 투자지역; 위험등급; 기준일,ANSWER,산출가능,"조건 충족 393종목(클래스 단위). 수익률 상위: 한화2.2배레버리지인덱스증권투자신탁(주식-파생재간접형) 종류Ce(1Y 387.66%, 순자산 1,391억원, 지역 국내, 환헤지 미상, 위험 매우 높은 위험); NH-Amundi코리아2배레버리지증권투자신탁[주식-파생형]Class Ae(1Y 362.53%, 순자산 3,052억원, 지역 국내, 환헤지 미상, 위험 매우 높은 위험); NH-Amundi코리아2배레버리지증권투자신탁[주식-파생형]Class A(1Y 362.05%, 순자산 2,301억원, 지역 국내, 환헤지 미상, 위험 매우 높은 위험); NH-Amundi코리아2배레버리지증권투자신탁[주식-파생형]Class Ce(1Y 360.85%, 순자산 7,333억원, 지역 국내, 환헤지 미상, 위험 매우 높은 위험); NH-Amundi 1.5배레버리지인덱스증권투자신탁[주식-파생형]Class A(1Y 256.55%, 순자산 1,703억원, 지역 국내, 환헤지 미상, 위험 매우 높은 위험); 하나IT코리아 증권자투자신탁(제1호)[주식] 종류 A-e(1Y 189.83%, 순자산 1,410억원, 지역 국내, 환헤지 미상, 위험 매우 높은 위험); 하나IT코리아 증권자투자신탁(제1호)[주식] 종류 C-e(1Y 188.97%, 순자산 1,596억원, 지역 국내, 환헤지 미상, 위험 매우 높은 위험); 하나IT코리아 증권자투자신탁(제1호)[주식] 종류 A(1Y 188.89%, 순자산 1,540억원, 지역 국내, 환헤지 미상, 위험 매우 높은 위험)",fund.prvo_pbff_desc='공모'·sale_yn·thco_sale_yn·fd_yr1_ern_r·fd_nast_suma·exchdg_yn·fd_ivst_rgn_desc·zrin_fd_ivst_risk_grd_nm / as_of=20260821,,"★ 사모 8,960건 제외 필수. exchdg_yn 결측 70.5%라 환헤지는 상당수 '미상'. 클래스 중복이 있으므로 모펀드 단위 집계가 필요하면 rptt_ksd_itm_no로 묶어야 함"
20,조건검색_반도체상품통합,PASS_OR_FAIL,답변가능,국내ETF·공모펀드,상,"국내 반도체에 투자하는 ETF와 공모펀드를 통합 검색해 순자산 상위 상품을 비교해줘. 단순히 이름에 반도체가 있다는 이유만으로 확정하지 말고, 기초지수·전략·편입내역 중 확인된 근거와 AUM·수익률 기준일을 제시해줘.",상품 식별자; 기초지수·전략·편입내역 근거; AUM·수익률 기준일; 클래스 중복 제거,ANSWER,부분산출,"명칭 기준 후보: 국내ETF 61종 / 공모펀드 64클래스(대표종목번호 dedup 후 11모펀드). ETF 순자산 상위: TIGER 반도체TOP10(9.76조원, 지수 FnGuide Semiconductor Top10); SOL AI반도체TOP2플러스(5.74조원, 지수 FnGuide AI Semiconductor TOP2 Plus CR); TIGER 미국필라델피아반도체나스닥(5.72조원, 지수 Philadelphia SE Semiconductors CR); KODEX 반도체(5.60조원, 지수 KRX Semiconductor); KODEX AI반도체TOP2플러스(4.06조원, 지수 FnGuide AI Semiconductor TOP2+) / 펀드 상위: 유리필라델피아반도체인덱스증권자투자신탁UH[주식] Class C-P1e(3,391억원); 한국투자글로벌AI&반도체TOP10증권자투자신탁UH(주식)(C-Re)(2,869억원); 삼성글로벌반도체증권자투자신탁UH[주식]_Cpe(퇴직)(2,527억원)",etf_kr.pd_abrv_nm·ref_base_index·pd_net_tamt / fund.itm_nm·fd_nast_suma·rptt_ksd_itm_no / as_of=20260821,"문항이 '이름에 반도체가 있다는 이유만으로 확정하지 말라'고 명시. 기초지수명(ref_base_index)까지는 주최측 데이터로 확인되나 **편입내역 근거는 외부 수집 필요** (국내ETF PDF/포트폴리오, 펀드 자산운용보고서)",ref_base_index 신설로 '기초지수 근거'는 확보됨. 편입내역 근거만 외부 의존. ⚠️ 클래스 dedup 시 대표종목번호 sentinel을 '제외'하면 해당 모펀드가 통째로 사라진다 — itm_no로 대체할 것
21,관계검색_상품동일성,PASS_OR_FAIL,답변가능,국내ETF·공모펀드,중,"KODEX200이 국내 ETF 데이터와 공모펀드 데이터에 모두 나타나는 이유를 설명해줘. 동일 운용상품, 상장 클래스, 별도 상품 중 무엇인지 상품번호·대표종목번호·상장 여부 관계를 근거로 판정해줘.",상품번호; 대표종목번호; 상장 여부; SAME_VEHICLE_AS 또는 HAS_SHARE_CLASS 관계,ANSWER,산출가능,"판정: 동일 운용상품(SAME_VEHICLE_AS). ETF 마스터의 KR7069500007와 공모펀드 마스터의 KR5114601001 가 `fund.ksd_itm_no == etf.pd_itm_no`로 결정적으로 연결된다(매칭 1건). ETF는 '상장된 집합투자기구'이므로 펀드 마스터에 원본 신탁이, ETF 마스터에 상장 클래스가 각각 적재된 것이다. 전체적으로 이 방식으로 연결되는 상품은 217종.",fund.ksd_itm_no ↔ etf_kr.pd_itm_no 조인(217종) / fund.rptt_ksd_itm_no / etf_kr.pd_lstg_dt,,★ 07-11에는 47종이었으나 08-24에서 217종으로 4.6배 증가. 순자산은 07-11에 47/47 일치했으나 08-24는 0/217 — 펀드측 fd_nast_suma가 비어 ETF측을 정본으로 써야 함
22,관계검색_기업ETF편입,PASS_OR_FAIL,답변가능,국내ETF·해외ETF,상,"캠브리콘이 실제 편입된 중국 반도체 ETF를 찾아줘. ETF→편입증권→기업 경로를 사용하고, ETF명·티커·편입비중·편입기준일·편입내역 문서명과 근거 문장을 제시해줘.",기업 식별자; ETF→편입증권→기업 경로; 비중·기준일; 편입내역 문서명·인용문,ANSWER,외부데이터필요,"주최측 데이터에는 4개 도메인 어디에도 보유종목(holdings) 컬럼이 없다. 주최측 안내상 섹터-상품·구성종목-상품 지식 구축은 참가자 자율이므로 **ABSTAIN이 아니라 외부 데이터로 채워야 하는 문항**이다. 캠브리콘/Cambricon은 4개 도메인 상품명·176테마 전수 검색 0건이므로 '상품명 매칭'으로는 답할 수 없고, 편입내역을 확보해야만 답이 나온다. 중국 관련 국내ETF 후보는 명칭 기준 56종.",etf_kr/etf_gl/fund/bond 상품명 + theme_list(176) 전수 검색 = 0건,국내ETF PDF(운용사 공시) / 해외ETF SEC N-PORT(pd_us_cik 389개 → 시리즈ID 추가 필요) + 종목↔국가·섹터 매핑. 조인키: pd_itm_no·pd_isin_cd·pd_ticker(08-24 신설),
23,시그널검색_기간테마연결,PASS_OR_FAIL,답변가능,ETF,상,"최근 6개월 동안 우주항공 테마와 연결된 이력이 있는 ETF를 정리해줘. 현재 편입 관계와 단순 뉴스 언급을 구분하고, ETF→편입기업→산업/테마→근거문서 경로, 사건일, 문서명과 인용 근거를 제시해줘.",6개월 기준구간; 편입 관계와 언급 구분; 그래프 경로; 사건일; 문서명·인용문,ANSWER,부분산출,"LSEG themes로 '우주항공/방산' 태그 ETF 15종 식별 가능(예: KoAct 팔란티어밸류체인액티브, KODEX 방산TOP10레버리지, TIGER K방산&우주, TIME 글로벌우주테크&방산액티브, SOL K방산). 그러나 문항이 요구하는 '최근 6개월 연결 이력'은 시점 축이 필요한데 LSEG 메타에는 날짜 필드가 없다(themes·ter·replication·base_market·base_asset·hedge_type뿐).",LSEG themes(커버율 89.0%) / etf_kr.cu_upt_dt=20260824,테마 부여 시점 이력(스냅샷 시계열) 또는 뉴스·공시 이벤트 일자. '현재 편입 관계'와 '단순 뉴스 언급' 구분에는 편입내역도 필요,"현재 시점 테마 목록은 답 가능, '6개월 이력'은 불가 → 답변에서 두 층을 구분해 제시"
24,관계검색_자회사ETF위험,PASS_OR_FAIL,답변가능,국내ETF,상,"에코프로의 자회사를 편입한 ETF를 찾고 그중 최신 AUM이 가장 큰 상품의 위험요인을 알려줘. 에코프로→자회사→편입종목→ETF 관계 근거, 편입비중·기준일, AUM 기준일과 위험요인 문서의 인용문을 제시해줘.",모자회사 공식 근거; 편입내역·비중·기준일; AUM 기준일; 위험문서명·인용문,ANSWER,외부데이터필요,주최측 데이터에는 4개 도메인 어디에도 보유종목(holdings) 컬럼이 없다. 주최측 안내상 섹터-상품·구성종목-상품 지식 구축은 참가자 자율이므로 **ABSTAIN이 아니라 외부 데이터로 채워야 하는 문항**이다. 에코프로는 상품명 전수 검색상 채권에만 6건 존재하고 ETF/펀드 상품명에는 0건이다. '자회사' 관계도 주최측 데이터에 없다.,bond.pd_nm '에코프로' 6건 / etf_kr·etf_gl·fund 상품명 0건,① 지배구조(DART 기업개황·지분관계) ② ETF 편입내역 ③ 위험요인 텍스트(투자설명서). AUM·기준일은 주최측 etf_kr.pd_net_tamt(as_of 20260821)로 충당 가능,
25,관계검색_정책펀드구조동향,PASS_OR_FAIL,답변가능,공모펀드,상,"국민성장펀드의 구조, 운용주체, 자금조달 방식과 최근 투자전략 동향을 정리해줘. 공식 정책자료·운용자료만 사용하고 문서명, 발표기관, 발행일과 각 주장에 대응하는 근거 문장을 붙여줘.",공식 문서명; 발표기관; 발행일; 구조·운용·조달·전략 주장별 인용문,ANSWER,부분산출,"'국민성장' 명칭 매칭 4건 — 미래에셋국민참여형국민성장혼합자산투자신탁(사모투자재간접형) 종류C1-e (서민형)(유형 혼합자산, 벤치마크 KOSPI200 50% + 종합채권01Y 50%, 순자산 184억원); 미래에셋국민참여형국민성장혼합자산투자신탁(사모투자재간접형) 종류C-e (일반형)(유형 혼합자산, 벤치마크 KOSPI200 50% + 종합채권01Y 50%, 순자산 618억원); 미래에셋국민참여형국민성장혼합자산투자신탁(사모투자재간접형) 종류C (일반형)(유형 혼합자산, 벤치마크 KOSPI200 50% + 종합채권01Y 50%, 순자산 719억원); 미래에셋국민참여형국민성장혼합자산투자신탁(사모투자재간접형) 종류C1 (서민형)(유형 혼합자산, 벤치마크 KOSPI200 50% + 종합채권01Y 50%, 순자산 471억원). 구조·유형·벤치마크·순자산까지는 산출되나 '운용주체·자금조달 방식·투자전략 동향'은 서술형 텍스트라 원천에 없다.",fund.itm_nm·or_attr_desc·bmrk_nm·fd_nast_suma·prvo_pbff_desc / as_of=20260821,공식 정책자료·운용보고서(발표기관·발행일 포함). 주최측 안내상 2026-08-24까지 발행분 사용 가능,이 4건은 prvo_pbff_desc='사모'로 적재되어 있어 '공모펀드' 필터에 걸리면 사라진다 — 필터 설계 주의
26,관계검색_기업멀티상품노출,PASS_OR_FAIL,답변가능,채권·국내ETF·공모펀드,상,SK하이닉스가 발행한 매수 가능 채권과 SK하이닉스를 편입한 ETF·공모펀드를 연결해 알려줘. 발행사→채권과 기업→편입증권→상품 경로를 구분하고 등급·수익률·편입비중·AUM의 기준일과 근거를 제시해줘.,발행사→채권 경로; 기업→편입증권→상품 경로; 등급·수익률·비중·AUM 기준일,ANSWER,부분산출,"발행사→채권 경로는 산출 가능: '에스케이하이닉스(주)' 발행 채권 16종목 (구매가능 16종목). 등급 AA+ 16, (미평가) 1, 만기 20270214~20351110. 기업→편입증권→상품 경로는 편입내역 부재로 산출 불가.",bond.pd_nm·pd_pbcm='에스케이하이닉스(주)'·crd_grd·mat_dt·applied_yield / info_base_dt=20260821,ETF·펀드 편입내역(삼성전자·SK하이닉스 등 대형주는 대부분 ETF에 편입되어 있으므로 커버리지 영향 큼),★ 엔티티 표기 함정: 'SK하이닉스'로 검색하면 0건. 데이터 표기는 '에스케이하이닉스'(상품명)·'에스케이하이닉스(주)'(발행사) — 정규화 사전 필수
27,관계검색_기업자회사멀티상품,PASS_OR_FAIL,답변가능,채권·ETF,상,"LG에너지솔루션 및 확인된 자회사가 발행한 채권과 이 기업들을 편입한 ETF를 찾아줘. 모자회사 관계의 공식 근거, 채권 신용등급·만기, ETF 편입비중을 제시하고 배터리산업 위험요인은 근거 문서별로 구분해줘.",모자회사 공식 근거; 채권 등급·만기; ETF 비중·기준일; 위험문서명·인용문,ANSWER,부분산출,"'(주)엘지에너지솔루션' 발행 채권 12종목(상품명은 'LG에너지솔루션…'). LG에너지솔루션3-4(녹)(AA0, 만기 20310216); LG에너지솔루션5-3 (녹)(AA0, 만기 20310305); LG에너지솔루션4-2(AA0, 만기 20280214); LG에너지솔루션3-3(녹)(AA0, 만기 20290216); LG에너지솔루션2-3(녹)(AA0, 만기 20280629). 자회사 관계·ETF 편입비중·배터리 위험요인 문서는 원천에 없다.",bond.pd_pbcm·pd_nm·crd_grd·mat_dt / info_base_dt=20260821,① 모자회사 공식 근거(DART) ② ETF 편입내역·비중 ③ 위험요인 문서,"★ 표기 함정 2종 동시 발생: 상품명은 영문 'LG', 발행사는 한글 '엘지'. '엘지에너지솔루션'으로 상품명 검색 시 0건"
28,관계검색_기업전략위험,PASS_OR_FAIL,답변가능,국내ETF·해외ETF,상,"엔비디아를 편입한 국내 ETF와 해외 ETF 중 순자산이 큰 상품을 비교하고, 일반 지수형과 커버드콜형의 위험 차이를 설명해줘. 편입내역 기준일, 비중, AUM, 전략 원문 및 위험 설명의 문서 근거를 제시해줘.",편입내역·비중·기준일; AUM 기준일; 전략 원문; 유형별 위험문서명·인용문,ANSWER,외부데이터필요,"주최측 데이터에는 4개 도메인 어디에도 보유종목(holdings) 컬럼이 없다. 주최측 안내상 섹터-상품·구성종목-상품 지식 구축은 참가자 자율이므로 **ABSTAIN이 아니라 외부 데이터로 채워야 하는 문항**이다. 상품명에 '엔비디아' 포함 국내ETF 6종은 찾을 수 있으나(1Q 엔비디아알파벳미국채혼합50, TIGER 엔비디아미국채커버드콜밸런스(합성), RISE 엔비디아고정테크100, ACE 엔비디아밸류체인액티브, KIWOOM 엔비디아미국30년국채혼합액티브(H)), 이는 '엔비디아를 편입한' 상품이 아니라 '이름에 엔비디아가 든' 상품이다. 혼동하면 오답. 커버드콜형은 상품명 '커버드콜' 토큰으로 62종 식별 가능.",etf_kr.pd_abrv_nm·pd_net_tamt·cu_strtegy / etf_gl.cu_strtegy(전략 원문),편입내역·비중 + 유형별 위험 설명 문서. AUM·전략 원문은 주최측 데이터로 충당,
29,관계검색_지수편입중복위험,PASS_OR_FAIL,답변가능,해외ETF,상,"VOO, IVV, SPY가 같은 S&P 500 계열 지수를 추종하는지 확인하고 편입종목 중복률과 상위 기업 집중위험을 비교해줘. 기초지수, 편입기준일, 종목별 비중, 보수, AUM과 운용문서 근거를 제시해줘.",기초지수; 편입종목·비중·기준일; 중복률 계산식; 보수; AUM; 위험문서,ANSWER,부분산출,"기초지수·보수·AUM 비교는 산출 가능: IVV(S&P 500 TR, 보수 0.03%, AUM 889.4십억USD); SPY(S&P 500 TR, 보수 0.0492%, AUM 820.1십억USD); VOO(S&P 500 TR, 보수 0.02%, AUM 997.4십억USD). 세 상품이 같은 S&P 500 계열을 추종하는지는 지수명으로 판정 가능. 편입종목 중복률·상위 기업 집중위험은 편입내역이 없어 산출 불가.",etf_gl.cu_base_index·cu_charge_rt·du_last_aum·pd_isin_cd / as_of=20260821,SEC N-PORT 또는 운용사 공시 편입내역(3종 모두 미국 상장 → pd_us_cik 활용). 중복률 계산식은 구성종목 확보 후,
30,관계검색_펀드ETF중복노출,PASS_OR_FAIL,답변가능,국내ETF·공모펀드,상,"우리반도체BIG2플러스 펀드와 국내 반도체 ETF의 실제 편입종목 중복도를 계산하고 중복 노출이 큰 기업의 자회사·산업 위험을 알려줘. 클래스 중복은 제거하고 편입기준일, 중복도 계산식, 기업관계 및 위험문서 근거를 제시해줘.",클래스 중복 제거 근거; 편입내역·기준일; 중복도 계산식; 기업관계; 위험문서,ANSWER,외부데이터필요,"주최측 데이터에는 4개 도메인 어디에도 보유종목(holdings) 컬럼이 없다. 주최측 안내상 섹터-상품·구성종목-상품 지식 구축은 참가자 자율이므로 **ABSTAIN이 아니라 외부 데이터로 채워야 하는 문항**이다. 우리반도체BIG2플러스는 클래스 2종(C-P·C-Pe)이며 대표종목번호로 중복 제거하면 1모펀드다(Q10 참조). 클래스 중복 제거까지는 주최측 데이터로 되고, 편입종목 중복도는 외부 편입내역이 있어야 계산된다.",fund.rptt_ksd_itm_no(클래스 dedup) / etf_kr 반도체 ETF 후보 61종,펀드 자산운용보고서 편입내역 + ETF PDF 편입내역 + 기업 지배구조·위험문서,
31,답변불가_유효하지않은등급,PASS_OR_FAIL,답변불가능,채권,-,신용등급이 AAAA인 매수 가능 채권을 찾아 상품번호와 신용평가 근거를 제시해줘.,신용등급 온톨로지의 허용값과 질의값 검증 결과,ABSTAIN_INVALID_TAXONOMY,ABSTAIN,"ABSTAIN_INVALID_TAXONOMY. 신용등급 허용값 사전은 15종 [A+, A-, A0, AA+, AA-, AA0, AAA, B+, B-, BB-, BB0, BBB+, BBB-, BBB0, C0]이며 'AAAA'는 포함되지 않는다(매칭 0건). '존재하지 않는 등급'으로 답하고, 참고로 최상위 등급 AAA 구매가능 채권은 8,628종목임을 덧붙일 수 있다.",bond.crd_grd DISTINCT (온톨로지 CreditRatingGrade 허용값),,★ 07-11 20종 → 08-24 15종으로 사전이 축소됨. 사전을 하드코딩했다면 갱신 필요
32,답변불가_기준일이후출시,PASS_OR_FAIL,답변불가능,전체,-,"2026-08-24 기준으로 Kimi 관련 투자 상품을 찾아 해당 모델과 상품의 연결 근거 문서, 발표일과 편입비중을 알려줘.",모델 출시일; 데이터 기준일; 상품 연결 문서와 편입내역 존재 여부,ABSTAIN_NOT_RELEASED_AS_OF_CUTOFF,ABSTAIN,ABSTAIN_NOT_RELEASED_AS_OF_CUTOFF. 'Kimi' 전 도메인 상품명 + theme_list(176) 전수 검색 결과 국내ETF 0 / 해외ETF 0 / 공모펀드 0 / 채권 0 / 테마 0건. 연결 근거 문서·편입내역도 없다. 데이터 기준일 2026-08-24(실질 08-21~08-24) 시점에도 해당 모델과 연결된 투자상품이 존재하지 않음을 전수 검색 결과로 증명해 답한다.,4도메인 pd_nm/itm_nm + theme_list 전수 검색 = 0/0/0/0/0 / 기준일 info_base_dt=20260821·cu_upt_dt=20260824,,문항 기준일을 07-11 → 08-24로 갱신함(주최측 안내에 맞춤). 기준일이 뒤로 밀려도 부재 판정은 그대로다
33,답변불가_존재하지않는상품,PASS_OR_FAIL,답변불가능,ETF,-,KODEX AI로봇 ETF의 수익률과 편입종목을 공식 문서 근거로 알려줘.,정확한 상품명·상품번호 존재 여부; 공식 상품 문서 존재 여부,ABSTAIN_ENTITY_NOT_FOUND,ABSTAIN,"ABSTAIN_ENTITY_NOT_FOUND. 'KODEX AI로봇' 정확 명칭 매칭 0건. 단 브랜드 'KODEX'는 실재하며 ETF 243종이 있다 → '브랜드는 존재하나 해당 상품은 없음'으로 분해 판정하고, 같은 브랜드의 로봇·AI 관련 대안 18종을 제시한다(예: KODEX 미국AI광통신네트워크, KODEX 미국AI소프트웨어TOP10, KODEX 차이나휴머노이드로봇, KODEX 코리아소버린AI).",etf_kr.pd_abrv_nm 정확일치 0건 / 브랜드 접두 토큰 사전,,07-11 KODEX 240종 → 08-24 243종. 대안 후보도 18종으로 유지
34,답변불가_미래실현값,PASS_OR_FAIL,답변불가능,국내ETF,-,TIGER 미국S&P500의 2027년 확정 연간수익률을 데이터 근거와 함께 알려줘.,요청기간과 최신 데이터 기준일 비교,ABSTAIN_FUTURE_DATA,ABSTAIN,"ABSTAIN_FUTURE_DATA. 요청 기간(2027년 확정 연간수익률)이 데이터 기준일(2026-08-21) 이후다. 보유 수익률은 최장 1년(18.42%, as_of 20260821)이며 미래 실현값은 존재할 수 없다. 대신 제공 가능한 것: 1D/1M/3M/6M/YTD/1Y 실적 수익률과 변동성(du_vlty_1y).",etf_kr.du_er_* 최장 1년 / du_upt_dt=20260821,,du_vlty_* 5종이 08-24에 신설되어 '대안 제시' 폭이 넓어짐
35,답변불가_온톨로지도메인오류,PASS_OR_FAIL,답변불가능,해외ETF·채권,-,VOO가 직접 발행한 회사채의 신용등급과 만기일을 알려줘.,VOO의 엔티티 유형과 ISSUED_BY 관계의 도메인·레인지 검증,ABSTAIN_DOMAIN_MISMATCH,ABSTAIN,"ABSTAIN_DOMAIN_MISMATCH. VOO는 fp:ETF 인스턴스이고 fp:issuedBy의 domain은 fp:Bond 단독이므로 'VOO가 발행한 회사채'는 도메인 위반이다. 데이터상으로도 VOO(etf_gl)는 채권 마스터에 존재하지 않고, 채권 발행사(pd_pbcm) 1,818종에 VOO/Vanguard는 없다. ETF는 채권 발행 주체가 아니라 채권을 편입할 수 있는 상품임을 설명한다.","ontology fp:issuedBy domain=fp:Bond / etf_gl.pd_itm_no='VOO' / bond.pd_pbcm DISTINCT 1,818종에 부재",,
